Order_ID,Order_Date,Customer_ID,Product,Category,Region,Quantity,Price,Revenue,Cost,Profit,Payment_Method
ORD0001,2026-06-07,CUST056,Headphones,Electronics,West,1,3000,3000,1923.49,1076.51,Credit Card
ORD0002,2026-12-08,CUST046,Smart Watch,Electronics,East,2,7000,14000,8059.78,5940.22,Net Banking
ORD0003,2026-05-02,CUST053,T-Shirt,Fashion,East,2,1200,2400,1838.76,561.24,Debit Card
ORD0004,2026-06-20,CUST053,Laptop,Electronics,East,2,65000,130000,96927.56,33072.44,Cash on Delivery
ORD0005,2026-05-17,CUST086,Water Bottle,Home & Kitchen,North,2,800,1600,943.68,656.32,Credit Card
ORD0006,2026-08-29,CUST049,Water Bottle,Home & Kitchen,South,1,800,800,484.49,315.51,Cash on Delivery
ORD0007,2026-04-25,CUST045,Keyboard,Electronics,West,2,2500,5000,2779.58,2220.42,Debit Card
ORD0008,2026-02-05,CUST052,Office Chair,Furniture,South,3,8500,25500,20188.92,5311.08,UPI
ORD0009,2026-07-24,CUST045,Jeans,Fashion,West,5,2500,12500,8998.49,3501.51,Net Banking
ORD0010,2026-05-14,CUST043,Laptop,Electronics,East,1,65000,65000,38651.73,26348.27,UPI
ORD0011,2026-08-11,CUST005,Smartphone,Electronics,East,5,30000,150000,95463.27,54536.73,UPI
ORD0012,2026-03-01,CUST056,T-Shirt,Fashion,West,5,1200,6000,3877.79,2122.21,Net Banking
ORD0013,2026-12-29,CUST025,Keyboard,Electronics,South,1,2500,2500,1647.54,852.46,Net Banking
ORD0014,2026-07-06,CUST069,Jeans,Fashion,South,2,2500,5000,3289.12,1710.88,UPI
ORD0015,2026-06-03,CUST080,Office Chair,Furniture,South,1,8500,8500,5752.64,2747.36,Cash on Delivery
ORD0016,2026-10-11,CUST042,Study Table,Furniture,South,3,6000,18000,10472.8,7527.2,Cash on Delivery
ORD0017,2026-11-12,CUST086,Study Table,Furniture,North,2,6000,12000,8307.32,3692.68,Cash on Delivery
ORD0018,2026-06-05,CUST071,Water Bottle,Home & Kitchen,South,1,800,800,497.38,302.62,Cash on Delivery
ORD0019,2026-08-27,CUST075,T-Shirt,Fashion,North,3,1200,3600,2377.61,1222.39,Debit Card
ORD0020,2026-12-04,CUST066,Backpack,Accessories,South,2,1800,3600,2056.32,1543.68,Net Banking
ORD0021,2026-06-21,CUST085,Jeans,Fashion,West,5,2500,12500,7166.84,5333.16,Debit Card
ORD0022,2026-04-12,CUST087,Keyboard,Electronics,South,2,2500,5000,2934.19,2065.81,Credit Card
ORD0023,2026-02-07,CUST032,Backpack,Accessories,West,5,1800,9000,5974.69,3025.31,Net Banking
ORD0024,2026-09-11,CUST025,Coffee Maker,Home & Kitchen,South,4,5000,20000,12998.26,7001.74,Debit Card
ORD0025,2026-02-24,CUST084,Coffee Maker,Home & Kitchen,North,1,5000,5000,3723.03,1276.97,Debit Card
ORD0026,2026-08-26,CUST023,Mixer Grinder,Home & Kitchen,West,5,4500,22500,12657.48,9842.52,Debit Card
ORD0027,2026-08-26,CUST016,Backpack,Accessories,South,2,1800,3600,2580.82,1019.18,Net Banking
ORD0028,2026-11-10,CUST077,Office Chair,Furniture,East,4,8500,34000,25627.56,8372.44,Net Banking
ORD0029,2026-08-17,CUST055,Water Bottle,Home & Kitchen,South,5,800,4000,3097.21,902.79,Cash on Delivery
ORD0030,2026-11-23,CUST058,Keyboard,Electronics,North,2,2500,5000,3096.64,1903.36,Net Banking
ORD0031,2026-05-21,CUST063,Jeans,Fashion,North,2,2500,5000,3299.84,1700.16,UPI
ORD0032,2026-06-13,CUST031,Keyboard,Electronics,North,3,2500,7500,5799.43,1700.57,Credit Card
ORD0033,2026-07-16,CUST018,Headphones,Electronics,East,2,3000,6000,4340.92,1659.08,Debit Card
ORD0034,2026-06-19,CUST009,Study Table,Furniture,South,4,6000,24000,16455.67,7544.33,Cash on Delivery
ORD0035,2026-07-19,CUST008,Smart Watch,Electronics,South,4,7000,28000,21733.87,6266.13,Net Banking
ORD0036,2026-07-14,CUST090,Laptop,Electronics,South,5,65000,325000,217504.6,107495.4,UPI
ORD0037,2026-08-03,CUST039,Mixer Grinder,Home & Kitchen,South,4,4500,18000,12321.99,5678.01,Net Banking
ORD0038,2026-09-07,CUST078,Notebook,Stationery,West,2,300,600,362.91,237.09,Cash on Delivery
ORD0039,2026-06-22,CUST063,Laptop,Electronics,North,4,65000,260000,186476.79,73523.21,Cash on Delivery
ORD0040,2026-03-07,CUST093,Headphones,Electronics,South,4,3000,12000,9542.17,2457.83,Net Banking
ORD0041,2026-10-31,CUST004,Notebook,Stationery,North,4,300,1200,829.32,370.68,Credit Card
ORD0042,2026-03-11,CUST011,Jeans,Fashion,East,4,2500,10000,7667.13,2332.87,Debit Card
ORD0043,2026-06-17,CUST007,Keyboard,Electronics,East,4,2500,10000,6029.15,3970.85,UPI
ORD0044,2026-05-23,CUST044,Mixer Grinder,Home & Kitchen,North,4,4500,18000,13284.04,4715.96,Cash on Delivery
ORD0045,2026-08-29,CUST033,Water Bottle,Home & Kitchen,East,1,800,800,443.88,356.12,Net Banking
ORD0046,2026-11-29,CUST007,Office Chair,Furniture,East,2,8500,17000,9641.63,7358.37,Credit Card
ORD0047,2026-04-13,CUST097,Laptop,Electronics,West,2,65000,130000,98774.94,31225.06,Net Banking
ORD0048,2026-08-31,CUST020,Smart Watch,Electronics,East,2,7000,14000,10043.11,3956.89,Net Banking
ORD0049,2026-07-08,CUST028,Backpack,Accessories,West,3,1800,5400,3196.52,2203.48,Net Banking
ORD0050,2026-03-25,CUST096,Coffee Maker,Home & Kitchen,South,1,5000,5000,3955.9,1044.1,Credit Card
ORD0051,2026-10-22,CUST075,Laptop,Electronics,North,3,65000,195000,140270.68,54729.32,Cash on Delivery
ORD0052,2026-02-08,CUST051,Coffee Maker,Home & Kitchen,West,2,5000,10000,6980.24,3019.76,Debit Card
ORD0053,2026-12-17,CUST014,Coffee Maker,Home & Kitchen,East,3,5000,15000,10501.54,4498.46,Credit Card
ORD0054,2026-06-27,CUST073,Mixer Grinder,Home & Kitchen,West,1,4500,4500,3074.34,1425.66,UPI
ORD0055,2026-01-07,CUST009,Running Shoes,Fashion,South,3,4000,12000,9148.73,2851.27,Cash on Delivery
ORD0056,2026-11-22,CUST014,Study Table,Furniture,East,3,6000,18000,13912.09,4087.91,Cash on Delivery
ORD0057,2026-04-01,CUST091,Headphones,Electronics,West,4,3000,12000,8801.39,3198.61,UPI
ORD0058,2026-09-05,CUST079,Mixer Grinder,Home & Kitchen,East,5,4500,22500,14989.91,7510.09,Net Banking
ORD0059,2026-02-14,CUST035,Office Chair,Furniture,West,2,8500,17000,10535.45,6464.55,Cash on Delivery
ORD0060,2026-10-19,CUST032,Mixer Grinder,Home & Kitchen,West,4,4500,18000,12646.49,5353.51,Cash on Delivery
ORD0061,2026-06-16,CUST044,Laptop,Electronics,North,4,65000,260000,154819.59,105180.41,Debit Card
ORD0062,2026-06-24,CUST046,Mixer Grinder,Home & Kitchen,East,3,4500,13500,8368.85,5131.15,Net Banking
ORD0063,2026-10-12,CUST090,Notebook,Stationery,South,3,300,900,497.28,402.72,Debit Card
ORD0064,2026-09-08,CUST011,Smart Watch,Electronics,East,4,7000,28000,19286.23,8713.77,Debit Card
ORD0065,2026-08-18,CUST089,Backpack,Accessories,South,4,1800,7200,5387.28,1812.72,Credit Card
ORD0066,2026-12-21,CUST038,Smart Watch,Electronics,West,4,7000,28000,17103.14,10896.86,Net Banking
ORD0067,2026-09-29,CUST048,Backpack,Accessories,North,5,1800,9000,5723.45,3276.55,Net Banking
ORD0068,2026-05-19,CUST043,Office Chair,Furniture,East,4,8500,34000,21306.3,12693.7,Debit Card
ORD0069,2026-06-11,CUST016,Coffee Maker,Home & Kitchen,South,2,5000,10000,5798.89,4201.11,Net Banking
ORD0070,2026-04-09,CUST098,Coffee Maker,Home & Kitchen,North,2,5000,10000,6040.96,3959.04,Cash on Delivery
ORD0071,2026-09-26,CUST036,Coffee Maker,Home & Kitchen,North,5,5000,25000,17479.94,7520.06,Credit Card
ORD0072,2026-07-04,CUST025,Keyboard,Electronics,South,2,2500,5000,2974.3,2025.7,Credit Card
ORD0073,2026-05-21,CUST091,Running Shoes,Fashion,West,2,4000,8000,4491.03,3508.97,Credit Card
ORD0074,2026-11-23,CUST071,Keyboard,Electronics,South,2,2500,5000,3835.58,1164.42,Cash on Delivery
ORD0075,2026-10-21,CUST014,Water Bottle,Home & Kitchen,East,1,800,800,496.87,303.13,Cash on Delivery
ORD0076,2026-01-27,CUST057,Office Chair,Furniture,West,2,8500,17000,10423.03,6576.97,Cash on Delivery
ORD0077,2026-07-25,CUST015,Water Bottle,Home & Kitchen,North,1,800,800,538.35,261.65,Net Banking
ORD0078,2026-03-19,CUST081,Jeans,Fashion,West,1,2500,2500,1468.25,1031.75,Net Banking
ORD0079,2026-03-02,CUST039,Smartphone,Electronics,South,2,30000,60000,41371.1,18628.9,Cash on Delivery
ORD0080,2026-04-26,CUST078,T-Shirt,Fashion,West,5,1200,6000,4463.54,1536.46,Cash on Delivery
ORD0081,2026-06-02,CUST058,Notebook,Stationery,North,4,300,1200,918.05,281.95,Cash on Delivery
ORD0082,2026-01-31,CUST040,T-Shirt,Fashion,South,5,1200,6000,4214.45,1785.55,Credit Card
ORD0083,2026-05-16,CUST098,Smart Watch,Electronics,North,2,7000,14000,10011.5,3988.5,Debit Card
ORD0084,2026-02-08,CUST031,Headphones,Electronics,North,5,3000,15000,8837.0,6163.0,Cash on Delivery
ORD0085,2026-08-29,CUST058,Coffee Maker,Home & Kitchen,North,5,5000,25000,15570.37,9429.63,Debit Card
ORD0086,2026-12-26,CUST037,Coffee Maker,Home & Kitchen,North,3,5000,15000,11473.53,3526.47,Credit Card
ORD0087,2026-11-17,CUST088,Smart Watch,Electronics,South,3,7000,21000,14646.4,6353.6,Debit Card
ORD0088,2026-04-26,CUST055,Smartphone,Electronics,South,5,30000,150000,106786.3,43213.7,UPI
ORD0089,2026-03-26,CUST019,Smartphone,Electronics,South,1,30000,30000,22444.71,7555.29,Net Banking
ORD0090,2026-05-28,CUST096,Water Bottle,Home & Kitchen,South,5,800,4000,2639.15,1360.85,Cash on Delivery
ORD0091,2026-05-20,CUST089,Keyboard,Electronics,South,4,2500,10000,6751.18,3248.82,Cash on Delivery
ORD0092,2026-01-21,CUST057,Smartphone,Electronics,West,5,30000,150000,115853.36,34146.64,UPI
ORD0093,2026-02-16,CUST078,Keyboard,Electronics,West,1,2500,2500,1518.08,981.92,Net Banking
ORD0094,2026-10-23,CUST076,Laptop,Electronics,North,3,65000,195000,109211.29,85788.71,Debit Card
ORD0095,2026-05-23,CUST061,Running Shoes,Fashion,West,4,4000,16000,9525.96,6474.04,Net Banking
ORD0096,2026-02-16,CUST056,Jeans,Fashion,West,4,2500,10000,6675.03,3324.97,Cash on Delivery
ORD0097,2026-03-24,CUST043,Office Chair,Furniture,East,1,8500,8500,5375.83,3124.17,Cash on Delivery
ORD0098,2026-10-09,CUST037,Jeans,Fashion,North,4,2500,10000,5591.74,4408.26,Credit Card
ORD0099,2026-03-01,CUST041,Keyboard,Electronics,North,3,2500,7500,5944.1,1555.9,Cash on Delivery
ORD0100,2026-12-03,CUST066,Water Bottle,Home & Kitchen,South,1,800,800,613.87,186.13,Cash on Delivery
ORD0101,2026-09-23,CUST053,Laptop,Electronics,East,2,65000,130000,83257.83,46742.17,Cash on Delivery
ORD0102,2026-04-15,CUST081,Backpack,Accessories,West,1,1800,1800,1110.18,689.82,Debit Card
ORD0103,2026-03-04,CUST037,Backpack,Accessories,North,4,1800,7200,4011.96,3188.04,Net Banking
ORD0104,2026-06-09,CUST031,Coffee Maker,Home & Kitchen,North,2,5000,10000,6877.1,3122.9,Net Banking
ORD0105,2026-02-28,CUST053,Smartphone,Electronics,East,2,30000,60000,39921.72,20078.28,Credit Card
ORD0106,2026-09-13,CUST083,Water Bottle,Home & Kitchen,West,2,800,1600,1253.06,346.94,UPI
ORD0107,2026-08-01,CUST066,Coffee Maker,Home & Kitchen,South,3,5000,15000,11380.21,3619.79,Cash on Delivery
ORD0108,2026-03-16,CUST032,Backpack,Accessories,West,5,1800,9000,5813.07,3186.93,Net Banking
ORD0109,2026-02-05,CUST066,Coffee Maker,Home & Kitchen,South,2,5000,10000,6190.62,3809.38,Cash on Delivery
ORD0110,2026-05-17,CUST044,Notebook,Stationery,North,5,300,1500,1132.71,367.29,UPI
ORD0111,2026-10-24,CUST093,Keyboard,Electronics,South,5,2500,12500,9996.57,2503.43,Cash on Delivery
ORD0112,2026-09-05,CUST020,Backpack,Accessories,East,5,1800,9000,5726.53,3273.47,Net Banking
ORD0113,2026-08-22,CUST098,Running Shoes,Fashion,North,4,4000,16000,12531.41,3468.59,Debit Card
ORD0114,2026-07-16,CUST090,Smart Watch,Electronics,South,5,7000,35000,21293.67,13706.33,Cash on Delivery
ORD0115,2026-12-28,CUST006,Office Chair,Furniture,West,4,8500,34000,26464.16,7535.84,Cash on Delivery
ORD0116,2026-09-11,CUST050,Jeans,Fashion,East,2,2500,5000,3956.03,1043.97,Debit Card
ORD0117,2026-02-21,CUST065,T-Shirt,Fashion,West,3,1200,3600,2766.77,833.23,Cash on Delivery
ORD0118,2026-01-08,CUST013,Running Shoes,Fashion,West,4,4000,16000,11689.78,4310.22,Cash on Delivery
ORD0119,2026-08-29,CUST084,Headphones,Electronics,North,1,3000,3000,2236.14,763.86,UPI
ORD0120,2026-11-29,CUST044,T-Shirt,Fashion,North,4,1200,4800,2736.38,2063.62,UPI
ORD0121,2026-07-14,CUST087,Water Bottle,Home & Kitchen,South,5,800,4000,3154.14,845.86,Cash on Delivery
ORD0122,2026-02-05,CUST070,Laptop,Electronics,West,5,65000,325000,197825.08,127174.92,UPI
ORD0123,2026-08-11,CUST030,Coffee Maker,Home & Kitchen,South,1,5000,5000,3972.92,1027.08,Credit Card
ORD0124,2026-01-15,CUST057,Headphones,Electronics,West,3,3000,9000,5053.48,3946.52,Credit Card
ORD0125,2026-08-09,CUST038,Office Chair,Furniture,West,3,8500,25500,14953.01,10546.99,Net Banking
ORD0126,2026-03-29,CUST053,T-Shirt,Fashion,East,2,1200,2400,1425.04,974.96,Net Banking
ORD0127,2026-09-12,CUST049,T-Shirt,Fashion,South,2,1200,2400,1867.7,532.3,Debit Card
ORD0128,2026-08-24,CUST030,Backpack,Accessories,South,3,1800,5400,3314.69,2085.31,Credit Card
ORD0129,2026-12-13,CUST060,Notebook,Stationery,North,3,300,900,617.98,282.02,Credit Card
ORD0130,2026-06-03,CUST057,Office Chair,Furniture,West,5,8500,42500,30163.72,12336.28,Cash on Delivery
ORD0131,2026-06-04,CUST089,Keyboard,Electronics,South,4,2500,10000,5998.04,4001.96,Cash on Delivery
ORD0132,2026-07-15,CUST062,Smartphone,Electronics,South,2,30000,60000,41578.84,18421.16,Net Banking
ORD0133,2026-01-12,CUST038,Coffee Maker,Home & Kitchen,West,3,5000,15000,11917.29,3082.71,Cash on Delivery
ORD0134,2026-12-18,CUST036,Laptop,Electronics,North,5,65000,325000,241987.82,83012.18,Credit Card
ORD0135,2026-05-27,CUST078,Coffee Maker,Home & Kitchen,West,4,5000,20000,14878.7,5121.3,Debit Card
ORD0136,2026-04-23,CUST078,Mixer Grinder,Home & Kitchen,West,3,4500,13500,9573.59,3926.41,Net Banking
ORD0137,2026-11-18,CUST033,Jeans,Fashion,East,2,2500,5000,2871.45,2128.55,Credit Card
ORD0138,2026-01-18,CUST040,Mixer Grinder,Home & Kitchen,South,4,4500,18000,12508.08,5491.92,Debit Card
ORD0139,2026-06-17,CUST012,Notebook,Stationery,West,3,300,900,663.18,236.82,Debit Card
ORD0140,2026-07-07,CUST026,Headphones,Electronics,West,5,3000,15000,10240.7,4759.3,UPI
ORD0141,2026-06-01,CUST022,Keyboard,Electronics,West,4,2500,10000,7366.4,2633.6,UPI
ORD0142,2026-03-14,CUST015,Backpack,Accessories,North,1,1800,1800,1329.37,470.63,Debit Card
ORD0143,2026-10-13,CUST087,Coffee Maker,Home & Kitchen,South,4,5000,20000,12828.88,7171.12,Cash on Delivery
ORD0144,2026-03-05,CUST002,Keyboard,Electronics,South,5,2500,12500,8296.21,4203.79,UPI
ORD0145,2026-02-25,CUST075,Study Table,Furniture,North,3,6000,18000,12936.76,5063.24,Cash on Delivery
ORD0146,2026-06-17,CUST004,T-Shirt,Fashion,North,5,1200,6000,4672.88,1327.12,Debit Card
ORD0147,2026-12-25,CUST083,Smartphone,Electronics,West,4,30000,120000,75065.71,44934.29,Cash on Delivery
ORD0148,2026-01-20,CUST015,Headphones,Electronics,North,1,3000,3000,1878.27,1121.73,Cash on Delivery
ORD0149,2026-10-03,CUST015,Smartphone,Electronics,North,2,30000,60000,35034.96,24965.04,Cash on Delivery
ORD0150,2026-08-03,CUST048,Jeans,Fashion,North,5,2500,12500,8710.44,3789.56,Debit Card
ORD0151,2026-09-08,CUST054,Jeans,Fashion,South,1,2500,2500,1759.78,740.22,UPI
ORD0152,2026-04-22,CUST005,Coffee Maker,Home & Kitchen,East,3,5000,15000,9912.69,5087.31,Debit Card
ORD0153,2026-10-06,CUST047,Smartphone,Electronics,South,3,30000,90000,69788.16,20211.84,UPI
ORD0154,2026-04-08,CUST008,Study Table,Furniture,South,3,6000,18000,14256.93,3743.07,Cash on Delivery
ORD0155,2026-11-25,CUST012,Jeans,Fashion,West,2,2500,5000,3549.37,1450.63,Credit Card
ORD0156,2026-05-05,CUST007,Mixer Grinder,Home & Kitchen,East,3,4500,13500,10762.27,2737.73,Net Banking
ORD0157,2026-04-17,CUST027,Smartphone,Electronics,South,5,30000,150000,104489.37,45510.63,Debit Card
ORD0158,2026-11-02,CUST043,Mixer Grinder,Home & Kitchen,East,2,4500,9000,4956.38,4043.62,Debit Card
ORD0159,2026-03-31,CUST017,Running Shoes,Fashion,North,3,4000,12000,6929.78,5070.22,Credit Card
ORD0160,2026-05-02,CUST017,Laptop,Electronics,North,3,65000,195000,135956.58,59043.42,Credit Card
ORD0161,2026-03-06,CUST023,Keyboard,Electronics,West,1,2500,2500,1838.57,661.43,Net Banking
ORD0162,2026-09-01,CUST015,Coffee Maker,Home & Kitchen,North,1,5000,5000,3310.34,1689.66,UPI
ORD0163,2026-08-20,CUST066,T-Shirt,Fashion,South,1,1200,1200,811.15,388.85,Net Banking
ORD0164,2026-06-04,CUST006,Coffee Maker,Home & Kitchen,West,5,5000,25000,16612.77,8387.23,Credit Card
ORD0165,2026-08-07,CUST008,Backpack,Accessories,South,4,1800,7200,5194.98,2005.02,Cash on Delivery
ORD0166,2026-02-07,CUST092,Notebook,Stationery,East,4,300,1200,929.78,270.22,UPI
ORD0167,2026-03-06,CUST078,Headphones,Electronics,West,1,3000,3000,1856.26,1143.74,Net Banking
ORD0168,2026-07-15,CUST071,Coffee Maker,Home & Kitchen,South,3,5000,15000,11979.85,3020.15,Net Banking
ORD0169,2026-11-06,CUST038,Backpack,Accessories,West,5,1800,9000,5917.95,3082.05,Credit Card
ORD0170,2026-04-21,CUST084,Jeans,Fashion,North,5,2500,12500,8218.97,4281.03,Debit Card
ORD0171,2026-07-24,CUST053,Office Chair,Furniture,East,4,8500,34000,22235.91,11764.09,Credit Card
ORD0172,2026-12-07,CUST041,Study Table,Furniture,North,3,6000,18000,11047.0,6953.0,Debit Card
ORD0173,2026-02-04,CUST088,Notebook,Stationery,South,4,300,1200,687.37,512.63,Credit Card
ORD0174,2026-07-10,CUST012,Study Table,Furniture,West,1,6000,6000,4517.65,1482.35,Net Banking
ORD0175,2026-10-15,CUST008,T-Shirt,Fashion,South,5,1200,6000,3794.47,2205.53,Credit Card
ORD0176,2026-01-27,CUST053,Office Chair,Furniture,East,4,8500,34000,26931.39,7068.61,Net Banking
ORD0177,2026-10-23,CUST040,Office Chair,Furniture,South,1,8500,8500,5753.25,2746.75,Debit Card
ORD0178,2026-02-25,CUST085,Backpack,Accessories,West,2,1800,3600,2295.1,1304.9,Net Banking
ORD0179,2026-10-21,CUST048,Smartphone,Electronics,North,3,30000,90000,54588.58,35411.42,Cash on Delivery
ORD0180,2026-11-11,CUST072,Mixer Grinder,Home & Kitchen,West,5,4500,22500,16171.74,6328.26,Net Banking
ORD0181,2026-01-15,CUST004,T-Shirt,Fashion,North,3,1200,3600,2142.37,1457.63,UPI
ORD0182,2026-04-03,CUST044,Office Chair,Furniture,North,1,8500,8500,6523.46,1976.54,Net Banking
ORD0183,2026-03-14,CUST085,Study Table,Furniture,West,1,6000,6000,4411.45,1588.55,Credit Card
ORD0184,2026-04-21,CUST012,Coffee Maker,Home & Kitchen,West,5,5000,25000,16101.22,8898.78,Cash on Delivery
ORD0185,2026-06-09,CUST044,Headphones,Electronics,North,3,3000,9000,6573.59,2426.41,Net Banking
ORD0186,2026-03-21,CUST077,Smartphone,Electronics,East,1,30000,30000,17680.57,12319.43,Net Banking
ORD0187,2026-05-20,CUST007,Jeans,Fashion,East,1,2500,2500,1651.95,848.05,Cash on Delivery
ORD0188,2026-08-01,CUST063,T-Shirt,Fashion,North,4,1200,4800,2967.8,1832.2,Net Banking
ORD0189,2026-02-26,CUST015,Office Chair,Furniture,North,4,8500,34000,21107.59,12892.41,Net Banking
ORD0190,2026-01-24,CUST063,Running Shoes,Fashion,North,3,4000,12000,7261.56,4738.44,Net Banking
ORD0191,2026-06-04,CUST008,Laptop,Electronics,South,2,65000,130000,102223.03,27776.97,Debit Card
ORD0192,2026-06-17,CUST098,Keyboard,Electronics,North,3,2500,7500,4349.97,3150.03,Cash on Delivery
ORD0193,2026-03-08,CUST096,Study Table,Furniture,South,2,6000,12000,7740.62,4259.38,Debit Card
ORD0194,2026-02-06,CUST065,Running Shoes,Fashion,West,3,4000,12000,7791.21,4208.79,Credit Card
ORD0195,2026-02-09,CUST056,Laptop,Electronics,West,4,65000,260000,199037.15,60962.85,Net Banking
ORD0196,2026-12-30,CUST055,T-Shirt,Fashion,South,4,1200,4800,3408.17,1391.83,UPI
ORD0197,2026-06-16,CUST015,Study Table,Furniture,North,1,6000,6000,3557.81,2442.19,Net Banking
ORD0198,2026-02-15,CUST059,Water Bottle,Home & Kitchen,West,3,800,2400,1582.03,817.97,Credit Card
ORD0199,2026-07-25,CUST032,Study Table,Furniture,West,5,6000,30000,20429.72,9570.28,Cash on Delivery
ORD0200,2026-04-24,CUST040,Coffee Maker,Home & Kitchen,South,3,5000,15000,9499.01,5500.99,Debit Card
ORD0201,2026-09-29,CUST010,Running Shoes,Fashion,North,1,4000,4000,2709.95,1290.05,UPI
ORD0202,2026-05-01,CUST045,Coffee Maker,Home & Kitchen,West,2,5000,10000,5757.01,4242.99,UPI
ORD0203,2026-03-20,CUST026,Headphones,Electronics,West,5,3000,15000,11100.81,3899.19,Credit Card
ORD0204,2026-08-26,CUST023,Mixer Grinder,Home & Kitchen,West,4,4500,18000,13295.01,4704.99,Net Banking
ORD0205,2026-11-26,CUST058,Jeans,Fashion,North,5,2500,12500,8860.31,3639.69,Net Banking
ORD0206,2026-03-19,CUST042,Water Bottle,Home & Kitchen,South,3,800,2400,1583.86,816.14,Cash on Delivery
ORD0207,2026-05-21,CUST057,Jeans,Fashion,West,3,2500,7500,5233.91,2266.09,UPI
ORD0208,2026-08-25,CUST065,Smartphone,Electronics,West,3,30000,90000,59668.06,30331.94,Credit Card
ORD0209,2026-02-09,CUST048,Water Bottle,Home & Kitchen,North,3,800,2400,1706.8,693.2,Credit Card
ORD0210,2026-07-16,CUST079,T-Shirt,Fashion,East,5,1200,6000,3994.07,2005.93,Net Banking
ORD0211,2026-08-19,CUST095,Notebook,Stationery,South,1,300,300,233.18,66.82,Net Banking
ORD0212,2026-11-06,CUST084,Smart Watch,Electronics,North,3,7000,21000,14047.05,6952.95,Debit Card
ORD0213,2026-06-25,CUST008,Backpack,Accessories,South,1,1800,1800,1432.07,367.93,Credit Card
ORD0214,2026-01-21,CUST065,Jeans,Fashion,West,2,2500,5000,3059.68,1940.32,Cash on Delivery
ORD0215,2026-11-09,CUST057,Running Shoes,Fashion,West,5,4000,20000,11793.73,8206.27,UPI
ORD0216,2026-06-23,CUST037,Study Table,Furniture,North,4,6000,24000,17273.39,6726.61,Credit Card
ORD0217,2026-02-03,CUST081,Jeans,Fashion,West,3,2500,7500,4743.17,2756.83,Net Banking
ORD0218,2026-05-10,CUST087,Study Table,Furniture,South,3,6000,18000,13156.8,4843.2,Net Banking
ORD0219,2026-10-26,CUST020,Office Chair,Furniture,East,1,8500,8500,6085.18,2414.82,UPI
ORD0220,2026-03-08,CUST040,Jeans,Fashion,South,4,2500,10000,6987.6,3012.4,Credit Card
ORD0221,2026-11-26,CUST040,Running Shoes,Fashion,South,4,4000,16000,11966.65,4033.35,Debit Card
ORD0222,2026-02-17,CUST086,Coffee Maker,Home & Kitchen,North,5,5000,25000,17787.66,7212.34,Cash on Delivery
ORD0223,2026-07-05,CUST066,Office Chair,Furniture,South,1,8500,8500,5331.34,3168.66,Debit Card
ORD0224,2026-04-09,CUST044,Mixer Grinder,Home & Kitchen,North,4,4500,18000,10919.44,7080.56,Debit Card
ORD0225,2026-02-21,CUST020,Smartphone,Electronics,East,3,30000,90000,60923.02,29076.98,Net Banking
ORD0226,2026-01-20,CUST095,Notebook,Stationery,South,5,300,1500,1073.22,426.78,Net Banking
ORD0227,2026-03-20,CUST017,T-Shirt,Fashion,North,4,1200,4800,2834.7,1965.3,Net Banking
ORD0228,2026-01-23,CUST022,Coffee Maker,Home & Kitchen,West,4,5000,20000,13054.29,6945.71,Debit Card
ORD0229,2026-08-18,CUST057,T-Shirt,Fashion,West,3,1200,3600,2190.6,1409.4,Debit Card
ORD0230,2026-04-10,CUST040,Mixer Grinder,Home & Kitchen,South,4,4500,18000,11555.28,6444.72,Net Banking
ORD0231,2026-07-15,CUST057,Backpack,Accessories,West,3,1800,5400,3648.92,1751.08,Cash on Delivery
ORD0232,2026-11-06,CUST021,Water Bottle,Home & Kitchen,South,2,800,1600,935.36,664.64,UPI
ORD0233,2026-07-10,CUST007,Jeans,Fashion,East,4,2500,10000,6886.35,3113.65,Credit Card
ORD0234,2026-03-05,CUST092,Water Bottle,Home & Kitchen,East,5,800,4000,2485.06,1514.94,Debit Card
ORD0235,2026-03-17,CUST035,Backpack,Accessories,West,5,1800,9000,6819.86,2180.14,Credit Card
ORD0236,2026-06-28,CUST029,Water Bottle,Home & Kitchen,West,4,800,3200,2504.38,695.62,Cash on Delivery
ORD0237,2026-07-11,CUST007,Study Table,Furniture,East,5,6000,30000,18268.34,11731.66,Credit Card
ORD0238,2026-06-13,CUST048,Smart Watch,Electronics,North,1,7000,7000,5478.95,1521.05,UPI
ORD0239,2026-05-27,CUST019,Headphones,Electronics,South,1,3000,3000,2338.05,661.95,Cash on Delivery
ORD0240,2026-12-28,CUST090,Water Bottle,Home & Kitchen,South,2,800,1600,1067.64,532.36,Net Banking
ORD0241,2026-01-10,CUST001,Notebook,Stationery,West,1,300,300,184.19,115.81,Debit Card
ORD0242,2026-09-28,CUST071,Coffee Maker,Home & Kitchen,South,5,5000,25000,16395.34,8604.66,UPI
ORD0243,2026-01-25,CUST031,Keyboard,Electronics,North,1,2500,2500,1524.02,975.98,Net Banking
ORD0244,2026-09-13,CUST059,Smartphone,Electronics,West,1,30000,30000,20975.54,9024.46,Credit Card
ORD0245,2026-05-04,CUST081,Running Shoes,Fashion,West,5,4000,20000,14592.72,5407.28,UPI
ORD0246,2026-06-30,CUST055,Laptop,Electronics,South,5,65000,325000,198295.84,126704.16,Cash on Delivery
ORD0247,2026-09-26,CUST024,Jeans,Fashion,East,1,2500,2500,1984.16,515.84,Credit Card
ORD0248,2026-09-17,CUST068,Running Shoes,Fashion,South,5,4000,20000,13770.76,6229.24,Cash on Delivery
ORD0249,2026-07-11,CUST061,Laptop,Electronics,West,4,65000,260000,159487.27,100512.73,Credit Card
ORD0250,2026-06-26,CUST046,Mixer Grinder,Home & Kitchen,East,1,4500,4500,2746.27,1753.73,Credit Card
ORD0251,2026-03-10,CUST099,T-Shirt,Fashion,West,3,1200,3600,2019.9,1580.1,Net Banking
ORD0252,2026-12-17,CUST044,Water Bottle,Home & Kitchen,North,2,800,1600,1065.85,534.15,Cash on Delivery
ORD0253,2026-02-02,CUST081,Headphones,Electronics,West,2,3000,6000,4374.07,1625.93,Cash on Delivery
ORD0254,2026-01-23,CUST005,Keyboard,Electronics,East,2,2500,5000,3738.89,1261.11,Credit Card
ORD0255,2026-09-21,CUST041,Notebook,Stationery,North,3,300,900,584.6,315.4,Net Banking
ORD0256,2026-11-28,CUST061,Keyboard,Electronics,West,1,2500,2500,1494.44,1005.56,UPI
ORD0257,2026-05-20,CUST100,Laptop,Electronics,East,3,65000,195000,113318.16,81681.84,UPI
ORD0258,2026-08-14,CUST056,Notebook,Stationery,West,4,300,1200,928.39,271.61,Cash on Delivery
ORD0259,2026-12-21,CUST044,Headphones,Electronics,North,4,3000,12000,8092.57,3907.43,Net Banking
ORD0260,2026-08-06,CUST035,Mixer Grinder,Home & Kitchen,West,1,4500,4500,2563.79,1936.21,Net Banking
ORD0261,2026-06-14,CUST024,Running Shoes,Fashion,East,3,4000,12000,6907.79,5092.21,UPI
ORD0262,2026-08-17,CUST085,Keyboard,Electronics,West,3,2500,7500,5254.92,2245.08,Cash on Delivery
ORD0263,2026-06-29,CUST022,Coffee Maker,Home & Kitchen,West,4,5000,20000,13235.65,6764.35,UPI
ORD0264,2026-11-24,CUST079,Study Table,Furniture,East,3,6000,18000,14310.12,3689.88,Credit Card
ORD0265,2026-07-06,CUST010,Jeans,Fashion,North,4,2500,10000,6782.72,3217.28,Debit Card
ORD0266,2026-12-14,CUST004,Headphones,Electronics,North,5,3000,15000,11179.92,3820.08,Credit Card
ORD0267,2026-11-27,CUST017,Smartphone,Electronics,North,2,30000,60000,38494.93,21505.07,Cash on Delivery
ORD0268,2026-03-20,CUST073,Laptop,Electronics,West,5,65000,325000,233923.79,91076.21,UPI
ORD0269,2026-10-21,CUST048,Backpack,Accessories,North,1,1800,1800,1051.96,748.04,UPI
ORD0270,2026-05-08,CUST051,Office Chair,Furniture,West,3,8500,25500,20148.32,5351.68,Credit Card
ORD0271,2026-09-23,CUST095,Headphones,Electronics,South,4,3000,12000,7760.96,4239.04,Net Banking
ORD0272,2026-12-27,CUST016,Keyboard,Electronics,South,3,2500,7500,4961.76,2538.24,Net Banking
ORD0273,2026-04-13,CUST037,Coffee Maker,Home & Kitchen,North,4,5000,20000,11613.19,8386.81,Credit Card
ORD0274,2026-02-14,CUST058,Headphones,Electronics,North,4,3000,12000,9031.54,2968.46,UPI
ORD0275,2026-10-09,CUST086,Office Chair,Furniture,North,1,8500,8500,5827.11,2672.89,UPI
ORD0276,2026-07-05,CUST021,Coffee Maker,Home & Kitchen,South,2,5000,10000,6771.89,3228.11,Credit Card
ORD0277,2026-05-02,CUST026,Mixer Grinder,Home & Kitchen,West,2,4500,9000,6728.34,2271.66,Credit Card
ORD0278,2026-07-08,CUST047,Running Shoes,Fashion,South,5,4000,20000,13337.03,6662.97,Net Banking
ORD0279,2026-02-03,CUST017,T-Shirt,Fashion,North,1,1200,1200,752.79,447.21,Cash on Delivery
ORD0280,2026-10-22,CUST068,Study Table,Furniture,South,4,6000,24000,13642.5,10357.5,UPI
ORD0281,2026-08-27,CUST083,Smartphone,Electronics,West,4,30000,120000,86403.27,33596.73,UPI
ORD0282,2026-11-24,CUST017,Notebook,Stationery,North,5,300,1500,1045.42,454.58,Debit Card
ORD0283,2026-03-05,CUST056,Running Shoes,Fashion,West,1,4000,4000,2718.1,1281.9,UPI
ORD0284,2026-12-30,CUST022,Headphones,Electronics,West,3,3000,9000,5457.31,3542.69,Net Banking
ORD0285,2026-05-09,CUST037,Water Bottle,Home & Kitchen,North,1,800,800,479.26,320.74,Net Banking
ORD0286,2026-11-11,CUST036,Headphones,Electronics,North,3,3000,9000,6150.33,2849.67,Net Banking
ORD0287,2026-10-25,CUST083,Headphones,Electronics,West,5,3000,15000,8828.23,6171.77,Net Banking
ORD0288,2026-06-22,CUST093,Notebook,Stationery,South,5,300,1500,1140.95,359.05,Net Banking
ORD0289,2026-02-11,CUST006,Water Bottle,Home & Kitchen,West,1,800,800,449.09,350.91,Net Banking
ORD0290,2026-10-20,CUST034,Jeans,Fashion,West,2,2500,5000,3270.73,1729.27,Credit Card
ORD0291,2026-05-29,CUST064,Notebook,Stationery,North,5,300,1500,1065.72,434.28,UPI
ORD0292,2026-06-02,CUST062,Smart Watch,Electronics,South,4,7000,28000,18574.81,9425.19,Credit Card
ORD0293,2026-09-05,CUST021,Backpack,Accessories,South,4,1800,7200,4796.0,2404.0,UPI
ORD0294,2026-06-13,CUST078,Headphones,Electronics,West,3,3000,9000,6601.95,2398.05,UPI
ORD0295,2026-09-21,CUST052,Headphones,Electronics,South,3,3000,9000,6213.72,2786.28,UPI
ORD0296,2026-05-17,CUST031,Backpack,Accessories,North,1,1800,1800,1192.32,607.68,Debit Card
ORD0297,2026-07-16,CUST013,Laptop,Electronics,West,3,65000,195000,149377.99,45622.01,Cash on Delivery
ORD0298,2026-06-17,CUST032,Water Bottle,Home & Kitchen,West,2,800,1600,1253.5,346.5,UPI
ORD0299,2026-09-13,CUST025,Mixer Grinder,Home & Kitchen,South,2,4500,9000,7190.93,1809.07,Cash on Delivery
ORD0300,2026-09-12,CUST064,Notebook,Stationery,North,3,300,900,500.21,399.79,Cash on Delivery
ORD0301,2026-04-21,CUST065,Backpack,Accessories,West,2,1800,3600,2505.01,1094.99,Credit Card
ORD0302,2026-11-02,CUST007,Keyboard,Electronics,East,4,2500,10000,7705.85,2294.15,Cash on Delivery
ORD0303,2026-02-25,CUST037,Running Shoes,Fashion,North,1,4000,4000,2630.93,1369.07,UPI
ORD0304,2026-07-07,CUST094,Office Chair,Furniture,South,4,8500,34000,19084.56,14915.44,Credit Card
ORD0305,2026-07-05,CUST073,Running Shoes,Fashion,West,2,4000,8000,5506.45,2493.55,Credit Card
ORD0306,2026-10-09,CUST050,Running Shoes,Fashion,East,4,4000,16000,9918.88,6081.12,Net Banking
ORD0307,2026-03-07,CUST088,T-Shirt,Fashion,South,1,1200,1200,952.52,247.48,Cash on Delivery
ORD0308,2026-10-13,CUST048,Mixer Grinder,Home & Kitchen,North,3,4500,13500,10593.95,2906.05,Debit Card
ORD0309,2026-07-25,CUST026,T-Shirt,Fashion,West,5,1200,6000,4050.12,1949.88,Credit Card
ORD0310,2026-08-31,CUST005,Headphones,Electronics,East,3,3000,9000,6118.5,2881.5,Debit Card
ORD0311,2026-03-13,CUST078,Notebook,Stationery,West,5,300,1500,947.99,552.01,Net Banking
ORD0312,2026-11-12,CUST041,Headphones,Electronics,North,4,3000,12000,8817.96,3182.04,UPI
ORD0313,2026-09-18,CUST076,Office Chair,Furniture,North,5,8500,42500,29031.11,13468.89,Net Banking
ORD0314,2026-07-08,CUST039,Backpack,Accessories,South,1,1800,1800,1139.06,660.94,Credit Card
ORD0315,2026-12-19,CUST054,T-Shirt,Fashion,South,3,1200,3600,2546.33,1053.67,Net Banking
ORD0316,2026-10-23,CUST061,Keyboard,Electronics,West,5,2500,12500,7586.07,4913.93,Credit Card
ORD0317,2026-09-26,CUST075,Backpack,Accessories,North,2,1800,3600,2546.12,1053.88,Net Banking
ORD0318,2026-03-17,CUST100,Water Bottle,Home & Kitchen,East,4,800,3200,2417.33,782.67,Debit Card
ORD0319,2026-04-08,CUST005,T-Shirt,Fashion,East,1,1200,1200,665.68,534.32,UPI
ORD0320,2026-12-20,CUST054,Headphones,Electronics,South,4,3000,12000,7211.68,4788.32,Net Banking
ORD0321,2026-02-01,CUST100,T-Shirt,Fashion,East,4,1200,4800,3486.93,1313.07,Net Banking
ORD0322,2026-12-06,CUST027,Running Shoes,Fashion,South,3,4000,12000,8035.11,3964.89,Cash on Delivery
ORD0323,2026-09-30,CUST041,Headphones,Electronics,North,4,3000,12000,7626.98,4373.02,UPI
ORD0324,2026-11-09,CUST087,Mixer Grinder,Home & Kitchen,South,3,4500,13500,9059.11,4440.89,Debit Card
ORD0325,2026-04-26,CUST036,Running Shoes,Fashion,North,3,4000,12000,9424.46,2575.54,UPI
ORD0326,2026-12-20,CUST099,Keyboard,Electronics,West,2,2500,5000,3631.24,1368.76,UPI
ORD0327,2026-05-21,CUST062,Office Chair,Furniture,South,5,8500,42500,26432.76,16067.24,Net Banking
ORD0328,2026-07-22,CUST087,Running Shoes,Fashion,South,4,4000,16000,12073.51,3926.49,Debit Card
ORD0329,2026-02-10,CUST038,Laptop,Electronics,West,3,65000,195000,124135.22,70864.78,Cash on Delivery
ORD0330,2026-04-20,CUST084,Keyboard,Electronics,North,4,2500,10000,6005.17,3994.83,Net Banking
ORD0331,2026-12-23,CUST035,Notebook,Stationery,West,5,300,1500,926.86,573.14,Credit Card
ORD0332,2026-05-03,CUST079,Coffee Maker,Home & Kitchen,East,5,5000,25000,15265.36,9734.64,Net Banking
ORD0333,2026-01-27,CUST029,Jeans,Fashion,West,2,2500,5000,2875.25,2124.75,UPI
ORD0334,2026-12-15,CUST092,Backpack,Accessories,East,1,1800,1800,1336.84,463.16,Credit Card
ORD0335,2026-07-28,CUST071,Notebook,Stationery,South,2,300,600,427.93,172.07,Cash on Delivery
ORD0336,2026-05-28,CUST062,Jeans,Fashion,South,2,2500,5000,3151.46,1848.54,Credit Card
ORD0337,2026-04-29,CUST099,Smartphone,Electronics,West,5,30000,150000,102568.21,47431.79,Credit Card
ORD0338,2026-01-19,CUST023,Study Table,Furniture,West,2,6000,12000,9591.52,2408.48,Cash on Delivery
ORD0339,2026-01-20,CUST064,Headphones,Electronics,North,3,3000,9000,4970.85,4029.15,Net Banking
ORD0340,2026-05-26,CUST078,Smartphone,Electronics,West,3,30000,90000,59722.85,30277.15,Net Banking
ORD0341,2026-09-16,CUST068,Backpack,Accessories,South,2,1800,3600,2401.22,1198.78,Debit Card
ORD0342,2026-08-23,CUST015,Office Chair,Furniture,North,2,8500,17000,12105.21,4894.79,Debit Card
ORD0343,2026-06-01,CUST002,Coffee Maker,Home & Kitchen,South,3,5000,15000,10379.18,4620.82,Debit Card
ORD0344,2026-08-07,CUST023,T-Shirt,Fashion,West,4,1200,4800,3258.34,1541.66,Credit Card
ORD0345,2026-04-05,CUST052,Jeans,Fashion,South,1,2500,2500,1988.55,511.45,Cash on Delivery
ORD0346,2026-01-04,CUST042,Notebook,Stationery,South,2,300,600,369.12,230.88,Debit Card
ORD0347,2026-06-18,CUST058,Mixer Grinder,Home & Kitchen,North,3,4500,13500,8444.07,5055.93,Net Banking
ORD0348,2026-12-21,CUST002,Keyboard,Electronics,South,3,2500,7500,4568.07,2931.93,Credit Card
ORD0349,2026-07-27,CUST060,Keyboard,Electronics,North,2,2500,5000,3607.59,1392.41,UPI
ORD0350,2026-07-08,CUST089,Smartphone,Electronics,South,3,30000,90000,63329.07,26670.93,Debit Card
ORD0351,2026-08-21,CUST018,Backpack,Accessories,East,2,1800,3600,2652.96,947.04,Net Banking
ORD0352,2026-08-30,CUST048,Study Table,Furniture,North,5,6000,30000,22180.13,7819.87,Debit Card
ORD0353,2026-02-11,CUST098,Smart Watch,Electronics,North,5,7000,35000,23848.18,11151.82,Net Banking
ORD0354,2026-10-16,CUST091,Office Chair,Furniture,West,1,8500,8500,4913.44,3586.56,Net Banking
ORD0355,2026-10-02,CUST065,Smart Watch,Electronics,West,5,7000,35000,20561.21,14438.79,UPI
ORD0356,2026-12-15,CUST067,Backpack,Accessories,South,1,1800,1800,1082.43,717.57,Net Banking
ORD0357,2026-08-17,CUST063,Smartphone,Electronics,North,5,30000,150000,112825.95,37174.05,Cash on Delivery
ORD0358,2026-08-22,CUST017,Running Shoes,Fashion,North,4,4000,16000,11055.64,4944.36,Net Banking
ORD0359,2026-01-12,CUST060,Jeans,Fashion,North,3,2500,7500,4867.4,2632.6,Credit Card
ORD0360,2026-02-07,CUST096,Smart Watch,Electronics,South,5,7000,35000,19646.29,15353.71,UPI
ORD0361,2026-01-31,CUST090,Smartphone,Electronics,South,5,30000,150000,117546.85,32453.15,Credit Card
ORD0362,2026-07-29,CUST061,Laptop,Electronics,West,3,65000,195000,116024.09,78975.91,Debit Card
ORD0363,2026-07-11,CUST099,Jeans,Fashion,West,4,2500,10000,7982.14,2017.86,Cash on Delivery
ORD0364,2026-07-12,CUST058,Water Bottle,Home & Kitchen,North,4,800,3200,1824.2,1375.8,Net Banking
ORD0365,2026-03-02,CUST018,Jeans,Fashion,East,3,2500,7500,4459.64,3040.36,Net Banking
ORD0366,2026-04-25,CUST051,Running Shoes,Fashion,West,2,4000,8000,6069.64,1930.36,Credit Card
ORD0367,2026-08-06,CUST039,Backpack,Accessories,South,5,1800,9000,6146.85,2853.15,Debit Card
ORD0368,2026-03-21,CUST032,Backpack,Accessories,West,3,1800,5400,3342.13,2057.87,Credit Card
ORD0369,2026-11-11,CUST005,Mixer Grinder,Home & Kitchen,East,4,4500,18000,13347.24,4652.76,Credit Card
ORD0370,2026-02-21,CUST031,Smart Watch,Electronics,North,1,7000,7000,4889.4,2110.6,Cash on Delivery
ORD0371,2026-05-06,CUST077,Jeans,Fashion,East,1,2500,2500,1837.84,662.16,Cash on Delivery
ORD0372,2026-04-22,CUST057,Smart Watch,Electronics,West,5,7000,35000,25850.87,9149.13,Credit Card
ORD0373,2026-04-30,CUST018,Running Shoes,Fashion,East,3,4000,12000,9047.36,2952.64,Net Banking
ORD0374,2026-12-11,CUST041,T-Shirt,Fashion,North,5,1200,6000,4527.57,1472.43,Debit Card
ORD0375,2026-12-05,CUST039,Notebook,Stationery,South,2,300,600,408.19,191.81,Cash on Delivery
ORD0376,2026-10-13,CUST039,Keyboard,Electronics,South,1,2500,2500,1967.83,532.17,Debit Card
ORD0377,2026-10-12,CUST081,Jeans,Fashion,West,4,2500,10000,6739.05,3260.95,UPI
ORD0378,2026-09-26,CUST083,Jeans,Fashion,West,4,2500,10000,6296.84,3703.16,Cash on Delivery
ORD0379,2026-07-12,CUST053,Headphones,Electronics,East,3,3000,9000,5363.73,3636.27,Net Banking
ORD0380,2026-06-03,CUST061,Smart Watch,Electronics,West,2,7000,14000,10701.39,3298.61,Debit Card
ORD0381,2026-10-15,CUST060,Notebook,Stationery,North,1,300,300,195.95,104.05,Cash on Delivery
ORD0382,2026-07-18,CUST072,Running Shoes,Fashion,West,2,4000,8000,4885.72,3114.28,Debit Card
ORD0383,2026-08-19,CUST043,Jeans,Fashion,East,1,2500,2500,1904.46,595.54,Credit Card
ORD0384,2026-01-27,CUST069,Coffee Maker,Home & Kitchen,South,2,5000,10000,6171.15,3828.85,Net Banking
ORD0385,2026-04-07,CUST078,Laptop,Electronics,West,1,65000,65000,48825.57,16174.43,Net Banking
ORD0386,2026-04-22,CUST093,Jeans,Fashion,South,5,2500,12500,8373.11,4126.89,UPI
ORD0387,2026-04-19,CUST039,Notebook,Stationery,South,1,300,300,235.29,64.71,Credit Card
ORD0388,2026-05-05,CUST096,Mixer Grinder,Home & Kitchen,South,4,4500,18000,13030.32,4969.68,Debit Card
ORD0389,2026-10-10,CUST051,Notebook,Stationery,West,2,300,600,378.24,221.76,UPI
ORD0390,2026-11-29,CUST049,Backpack,Accessories,South,5,1800,9000,5758.33,3241.67,UPI
ORD0391,2026-08-27,CUST047,Running Shoes,Fashion,South,4,4000,16000,9194.43,6805.57,Cash on Delivery
ORD0392,2026-04-15,CUST098,Water Bottle,Home & Kitchen,North,3,800,2400,1542.42,857.58,Cash on Delivery
ORD0393,2026-03-16,CUST006,T-Shirt,Fashion,West,2,1200,2400,1329.73,1070.27,Net Banking
ORD0394,2026-06-01,CUST075,T-Shirt,Fashion,North,4,1200,4800,2822.89,1977.11,UPI
ORD0395,2026-05-06,CUST030,Study Table,Furniture,South,5,6000,30000,20244.76,9755.24,UPI
ORD0396,2026-11-25,CUST033,Mixer Grinder,Home & Kitchen,East,4,4500,18000,13228.17,4771.83,Cash on Delivery
ORD0397,2026-03-28,CUST022,Coffee Maker,Home & Kitchen,West,3,5000,15000,8774.84,6225.16,Net Banking
ORD0398,2026-11-25,CUST063,Headphones,Electronics,North,5,3000,15000,11839.64,3160.36,Net Banking
ORD0399,2026-12-09,CUST005,Water Bottle,Home & Kitchen,East,1,800,800,449.7,350.3,Credit Card
ORD0400,2026-02-04,CUST053,Headphones,Electronics,East,2,3000,6000,4360.75,1639.25,Credit Card
ORD0401,2026-07-11,CUST028,Running Shoes,Fashion,West,4,4000,16000,9041.8,6958.2,Net Banking
ORD0402,2026-01-09,CUST062,Jeans,Fashion,South,4,2500,10000,5516.53,4483.47,Net Banking
ORD0403,2026-09-29,CUST053,Laptop,Electronics,East,1,65000,65000,47485.63,17514.37,Net Banking
ORD0404,2026-12-24,CUST037,Laptop,Electronics,North,5,65000,325000,233515.18,91484.82,Debit Card
ORD0405,2026-09-26,CUST014,Notebook,Stationery,East,1,300,300,176.17,123.83,Debit Card
ORD0406,2026-07-01,CUST080,Running Shoes,Fashion,South,3,4000,12000,7401.97,4598.03,Cash on Delivery
ORD0407,2026-08-24,CUST011,Office Chair,Furniture,East,4,8500,34000,23502.52,10497.48,Debit Card
ORD0408,2026-12-01,CUST039,Jeans,Fashion,South,1,2500,2500,1994.8,505.2,Credit Card
ORD0409,2026-07-13,CUST012,Study Table,Furniture,West,4,6000,24000,16516.21,7483.79,Credit Card
ORD0410,2026-02-12,CUST082,Laptop,Electronics,North,2,65000,130000,87745.4,42254.6,Cash on Delivery
ORD0411,2026-10-17,CUST083,Mixer Grinder,Home & Kitchen,West,3,4500,13500,10723.49,2776.51,Credit Card
ORD0412,2026-04-28,CUST068,Notebook,Stationery,South,1,300,300,180.86,119.14,Net Banking
ORD0413,2026-02-08,CUST061,Keyboard,Electronics,West,1,2500,2500,1802.77,697.23,UPI
ORD0414,2026-04-02,CUST070,T-Shirt,Fashion,West,1,1200,1200,938.63,261.37,UPI
ORD0415,2026-03-15,CUST003,Smart Watch,Electronics,North,5,7000,35000,25832.23,9167.77,Cash on Delivery
ORD0416,2026-10-16,CUST010,Keyboard,Electronics,North,2,2500,5000,3050.59,1949.41,Cash on Delivery
ORD0417,2026-06-19,CUST087,Notebook,Stationery,South,5,300,1500,968.94,531.06,Debit Card
ORD0418,2026-09-14,CUST089,Coffee Maker,Home & Kitchen,South,1,5000,5000,3681.82,1318.18,UPI
ORD0419,2026-04-29,CUST007,Smartphone,Electronics,East,4,30000,120000,91160.24,28839.76,UPI
ORD0420,2026-11-01,CUST078,Mixer Grinder,Home & Kitchen,West,5,4500,22500,14606.45,7893.55,UPI
ORD0421,2026-08-19,CUST004,Jeans,Fashion,North,3,2500,7500,5044.88,2455.12,UPI
ORD0422,2026-04-06,CUST071,Study Table,Furniture,South,4,6000,24000,17278.17,6721.83,Cash on Delivery
ORD0423,2026-06-01,CUST011,Mixer Grinder,Home & Kitchen,East,5,4500,22500,16864.06,5635.94,Credit Card
ORD0424,2026-07-14,CUST011,Keyboard,Electronics,East,2,2500,5000,3639.6,1360.4,Debit Card
ORD0425,2026-07-04,CUST095,Study Table,Furniture,South,3,6000,18000,10379.48,7620.52,Credit Card
ORD0426,2026-05-19,CUST040,Backpack,Accessories,South,3,1800,5400,3108.01,2291.99,Credit Card
ORD0427,2026-10-13,CUST024,Study Table,Furniture,East,4,6000,24000,16528.44,7471.56,Cash on Delivery
ORD0428,2026-07-01,CUST014,Laptop,Electronics,East,1,65000,65000,44756.07,20243.93,Net Banking
ORD0429,2026-07-17,CUST077,Mixer Grinder,Home & Kitchen,East,3,4500,13500,7466.65,6033.35,Cash on Delivery
ORD0430,2026-10-14,CUST050,Mixer Grinder,Home & Kitchen,East,1,4500,4500,3493.36,1006.64,Debit Card
ORD0431,2026-12-17,CUST074,Running Shoes,Fashion,West,2,4000,8000,5161.46,2838.54,Debit Card
ORD0432,2026-09-10,CUST035,Keyboard,Electronics,West,3,2500,7500,4398.63,3101.37,Debit Card
ORD0433,2026-06-03,CUST056,Keyboard,Electronics,West,4,2500,10000,6710.58,3289.42,Credit Card
ORD0434,2026-11-17,CUST047,Keyboard,Electronics,South,2,2500,5000,3369.75,1630.25,Net Banking
ORD0435,2026-03-11,CUST026,Backpack,Accessories,West,1,1800,1800,1127.1,672.9,Cash on Delivery
ORD0436,2026-07-14,CUST043,Water Bottle,Home & Kitchen,East,5,800,4000,3004.08,995.92,UPI
ORD0437,2026-11-30,CUST057,Office Chair,Furniture,West,4,8500,34000,26980.92,7019.08,Debit Card
ORD0438,2026-12-22,CUST039,Office Chair,Furniture,South,5,8500,42500,25509.05,16990.95,UPI
ORD0439,2026-05-30,CUST023,Study Table,Furniture,West,3,6000,18000,13206.93,4793.07,Cash on Delivery
ORD0440,2026-06-16,CUST074,Mixer Grinder,Home & Kitchen,West,2,4500,9000,5796.12,3203.88,Cash on Delivery
ORD0441,2026-04-13,CUST047,Smartphone,Electronics,South,5,30000,150000,104708.51,45291.49,Net Banking
ORD0442,2026-01-14,CUST024,Jeans,Fashion,East,5,2500,12500,9853.14,2646.86,Cash on Delivery
ORD0443,2026-05-30,CUST091,Smart Watch,Electronics,West,4,7000,28000,21218.97,6781.03,Credit Card
ORD0444,2026-03-13,CUST053,Jeans,Fashion,East,4,2500,10000,7083.34,2916.66,Debit Card
ORD0445,2026-08-05,CUST033,Jeans,Fashion,East,2,2500,5000,3736.35,1263.65,Credit Card
ORD0446,2026-10-26,CUST058,T-Shirt,Fashion,North,4,1200,4800,3120.97,1679.03,Net Banking
ORD0447,2026-01-19,CUST089,Study Table,Furniture,South,5,6000,30000,22430.41,7569.59,UPI
ORD0448,2026-11-01,CUST090,Notebook,Stationery,South,5,300,1500,1064.32,435.68,Credit Card
ORD0449,2026-12-03,CUST014,Mixer Grinder,Home & Kitchen,East,2,4500,9000,6445.56,2554.44,Debit Card
ORD0450,2026-10-16,CUST083,T-Shirt,Fashion,West,1,1200,1200,955.08,244.92,Cash on Delivery
ORD0451,2026-02-24,CUST097,Office Chair,Furniture,West,4,8500,34000,18789.66,15210.34,UPI
ORD0452,2026-10-13,CUST029,Running Shoes,Fashion,West,5,4000,20000,13902.59,6097.41,Net Banking
ORD0453,2026-07-20,CUST029,Backpack,Accessories,West,3,1800,5400,3595.14,1804.86,Net Banking
ORD0454,2026-06-26,CUST089,Running Shoes,Fashion,South,2,4000,8000,6395.41,1604.59,Cash on Delivery
ORD0455,2026-02-13,CUST014,Keyboard,Electronics,East,4,2500,10000,5790.17,4209.83,Debit Card
ORD0456,2026-08-22,CUST045,Keyboard,Electronics,West,3,2500,7500,5595.51,1904.49,Net Banking
ORD0457,2026-02-19,CUST062,Office Chair,Furniture,South,4,8500,34000,22424.41,11575.59,Cash on Delivery
ORD0458,2026-01-23,CUST041,Smartphone,Electronics,North,3,30000,90000,67729.18,22270.82,Credit Card
ORD0459,2026-11-28,CUST003,Water Bottle,Home & Kitchen,North,3,800,2400,1385.62,1014.38,Debit Card
ORD0460,2026-03-31,CUST095,Smart Watch,Electronics,South,5,7000,35000,24079.22,10920.78,UPI
ORD0461,2026-04-29,CUST072,Study Table,Furniture,West,4,6000,24000,17986.53,6013.47,Debit Card
ORD0462,2026-07-22,CUST024,Jeans,Fashion,East,4,2500,10000,5572.98,4427.02,Net Banking
ORD0463,2026-08-08,CUST026,Backpack,Accessories,West,5,1800,9000,5824.88,3175.12,Debit Card
ORD0464,2026-10-23,CUST027,Keyboard,Electronics,South,1,2500,2500,1438.6,1061.4,Net Banking
ORD0465,2026-04-11,CUST024,Office Chair,Furniture,East,3,8500,25500,16941.88,8558.12,UPI
ORD0466,2026-09-28,CUST086,Water Bottle,Home & Kitchen,North,4,800,3200,2532.73,667.27,UPI
ORD0467,2026-07-20,CUST077,Study Table,Furniture,East,5,6000,30000,20902.54,9097.46,UPI
ORD0468,2026-11-13,CUST046,Water Bottle,Home & Kitchen,East,4,800,3200,1898.02,1301.98,UPI
ORD0469,2026-12-11,CUST079,T-Shirt,Fashion,East,1,1200,1200,700.18,499.82,Credit Card
ORD0470,2026-04-04,CUST031,Keyboard,Electronics,North,1,2500,2500,1608.32,891.68,Debit Card
ORD0471,2026-11-02,CUST066,Study Table,Furniture,South,4,6000,24000,14027.2,9972.8,Cash on Delivery
ORD0472,2026-11-22,CUST055,Headphones,Electronics,South,4,3000,12000,8212.14,3787.86,Debit Card
ORD0473,2026-05-28,CUST072,Headphones,Electronics,West,4,3000,12000,7020.89,4979.11,UPI
ORD0474,2026-07-03,CUST058,T-Shirt,Fashion,North,1,1200,1200,945.55,254.45,Cash on Delivery
ORD0475,2026-10-15,CUST018,Smart Watch,Electronics,East,4,7000,28000,18938.07,9061.93,Cash on Delivery
ORD0476,2026-08-01,CUST053,Jeans,Fashion,East,4,2500,10000,7275.36,2724.64,Cash on Delivery
ORD0477,2026-10-17,CUST063,Headphones,Electronics,North,1,3000,3000,1673.15,1326.85,Debit Card
ORD0478,2026-04-26,CUST038,Laptop,Electronics,West,3,65000,195000,133458.42,61541.58,Debit Card
ORD0479,2026-09-11,CUST100,Backpack,Accessories,East,5,1800,9000,6186.88,2813.12,Credit Card
ORD0480,2026-10-06,CUST074,Smartphone,Electronics,West,3,30000,90000,68023.86,21976.14,UPI
ORD0481,2026-08-14,CUST070,Water Bottle,Home & Kitchen,West,1,800,800,549.27,250.73,Cash on Delivery
ORD0482,2026-06-02,CUST014,Coffee Maker,Home & Kitchen,East,2,5000,10000,7687.02,2312.98,Credit Card
ORD0483,2026-02-14,CUST058,Keyboard,Electronics,North,3,2500,7500,4948.26,2551.74,Credit Card
ORD0484,2026-04-18,CUST100,Mixer Grinder,Home & Kitchen,East,2,4500,9000,6774.08,2225.92,Net Banking
ORD0485,2026-11-20,CUST089,Office Chair,Furniture,South,5,8500,42500,27924.28,14575.72,Net Banking
ORD0486,2026-04-16,CUST018,Mixer Grinder,Home & Kitchen,East,2,4500,9000,6762.24,2237.76,Net Banking
ORD0487,2026-11-02,CUST045,Running Shoes,Fashion,West,3,4000,12000,8216.31,3783.69,UPI
ORD0488,2026-10-21,CUST091,Keyboard,Electronics,West,3,2500,7500,4626.27,2873.73,Net Banking
ORD0489,2026-03-11,CUST087,Water Bottle,Home & Kitchen,South,1,800,800,632.55,167.45,Cash on Delivery
ORD0490,2026-12-26,CUST008,Keyboard,Electronics,South,2,2500,5000,3832.6,1167.4,Debit Card
ORD0491,2026-05-07,CUST019,Coffee Maker,Home & Kitchen,South,3,5000,15000,11105.53,3894.47,Cash on Delivery
ORD0492,2026-11-20,CUST063,Headphones,Electronics,North,5,3000,15000,9257.69,5742.31,Cash on Delivery
ORD0493,2026-11-21,CUST049,Backpack,Accessories,South,1,1800,1800,1347.57,452.43,Credit Card
ORD0494,2026-12-22,CUST052,Running Shoes,Fashion,South,3,4000,12000,9409.01,2590.99,UPI
ORD0495,2026-10-25,CUST059,Backpack,Accessories,West,3,1800,5400,2973.34,2426.66,Credit Card
ORD0496,2026-02-02,CUST094,Backpack,Accessories,South,3,1800,5400,4044.17,1355.83,Cash on Delivery
ORD0497,2026-09-11,CUST028,Study Table,Furniture,West,2,6000,12000,7405.61,4594.39,UPI
ORD0498,2026-03-08,CUST044,Running Shoes,Fashion,North,5,4000,20000,13830.71,6169.29,Cash on Delivery
ORD0499,2026-01-24,CUST044,Notebook,Stationery,North,1,300,300,172.47,127.53,Cash on Delivery
ORD0500,2026-08-14,CUST003,Smartphone,Electronics,North,2,30000,60000,39847.77,20152.23,Cash on Delivery
ORD0501,2026-11-29,CUST026,Coffee Maker,Home & Kitchen,West,2,5000,10000,6254.66,3745.34,UPI
ORD0502,2026-05-09,CUST012,Jeans,Fashion,West,3,2500,7500,4279.54,3220.46,Debit Card
ORD0503,2026-12-25,CUST007,Study Table,Furniture,East,3,6000,18000,13298.54,4701.46,Cash on Delivery
ORD0504,2026-01-01,CUST084,Smartphone,Electronics,North,1,30000,30000,18100.66,11899.34,Credit Card
ORD0505,2026-09-23,CUST017,T-Shirt,Fashion,North,2,1200,2400,1727.99,672.01,Credit Card
ORD0506,2026-03-03,CUST002,Coffee Maker,Home & Kitchen,South,3,5000,15000,11955.58,3044.42,Cash on Delivery
ORD0507,2026-02-06,CUST089,Headphones,Electronics,South,4,3000,12000,7286.84,4713.16,Credit Card
ORD0508,2026-02-22,CUST094,Mixer Grinder,Home & Kitchen,South,1,4500,4500,2827.52,1672.48,UPI
ORD0509,2026-11-25,CUST018,Study Table,Furniture,East,2,6000,12000,9578.82,2421.18,Debit Card
ORD0510,2026-01-05,CUST009,Running Shoes,Fashion,South,5,4000,20000,14051.6,5948.4,Debit Card
ORD0511,2026-11-18,CUST057,Office Chair,Furniture,West,2,8500,17000,12530.14,4469.86,Cash on Delivery
ORD0512,2026-04-22,CUST079,Jeans,Fashion,East,4,2500,10000,5716.72,4283.28,Credit Card
ORD0513,2026-10-29,CUST018,Mixer Grinder,Home & Kitchen,East,1,4500,4500,3296.26,1203.74,UPI
ORD0514,2026-05-07,CUST055,Office Chair,Furniture,South,2,8500,17000,10527.11,6472.89,Credit Card
ORD0515,2026-11-04,CUST032,Running Shoes,Fashion,West,5,4000,20000,14605.9,5394.1,UPI
ORD0516,2026-12-04,CUST100,Coffee Maker,Home & Kitchen,East,1,5000,5000,3844.78,1155.22,Debit Card
ORD0517,2026-04-07,CUST067,T-Shirt,Fashion,South,5,1200,6000,4421.77,1578.23,UPI
ORD0518,2026-09-11,CUST083,Laptop,Electronics,West,2,65000,130000,84041.28,45958.72,Debit Card
ORD0519,2026-02-06,CUST064,Jeans,Fashion,North,5,2500,12500,8525.9,3974.1,Credit Card
ORD0520,2026-03-09,CUST047,Notebook,Stationery,South,3,300,900,582.04,317.96,Net Banking
ORD0521,2026-12-16,CUST054,Office Chair,Furniture,South,5,8500,42500,25210.68,17289.32,Cash on Delivery
ORD0522,2026-10-28,CUST099,Smartphone,Electronics,West,1,30000,30000,17006.49,12993.51,UPI
ORD0523,2026-07-23,CUST028,Laptop,Electronics,West,1,65000,65000,43982.42,21017.58,Net Banking
ORD0524,2026-12-26,CUST099,Study Table,Furniture,West,4,6000,24000,15613.66,8386.34,Net Banking
ORD0525,2026-05-23,CUST069,T-Shirt,Fashion,South,2,1200,2400,1370.16,1029.84,Credit Card
ORD0526,2026-03-21,CUST066,Notebook,Stationery,South,2,300,600,410.46,189.54,Cash on Delivery
ORD0527,2026-06-08,CUST076,Jeans,Fashion,North,1,2500,2500,1811.67,688.33,Debit Card
ORD0528,2026-08-11,CUST008,Smart Watch,Electronics,South,1,7000,7000,4052.98,2947.02,Net Banking
ORD0529,2026-12-08,CUST078,Laptop,Electronics,West,3,65000,195000,143407.56,51592.44,Debit Card
ORD0530,2026-12-26,CUST016,Laptop,Electronics,South,2,65000,130000,71868.89,58131.11,Cash on Delivery
ORD0531,2026-05-13,CUST045,Running Shoes,Fashion,West,5,4000,20000,11834.81,8165.19,Debit Card
ORD0532,2026-03-02,CUST096,Mixer Grinder,Home & Kitchen,South,3,4500,13500,10028.58,3471.42,Credit Card
ORD0533,2026-05-20,CUST043,Mixer Grinder,Home & Kitchen,East,4,4500,18000,12257.34,5742.66,UPI
ORD0534,2026-09-12,CUST092,T-Shirt,Fashion,East,1,1200,1200,796.56,403.44,UPI
ORD0535,2026-03-27,CUST008,Backpack,Accessories,South,5,1800,9000,5777.3,3222.7,UPI
ORD0536,2026-12-12,CUST099,Smartphone,Electronics,West,5,30000,150000,109604.19,40395.81,Debit Card
ORD0537,2026-01-23,CUST095,Running Shoes,Fashion,South,1,4000,4000,3058.69,941.31,Credit Card
ORD0538,2026-07-06,CUST032,Laptop,Electronics,West,4,65000,260000,167893.67,92106.33,Debit Card
ORD0539,2026-10-11,CUST023,Notebook,Stationery,West,1,300,300,225.23,74.77,Cash on Delivery
ORD0540,2026-08-02,CUST029,Office Chair,Furniture,West,2,8500,17000,13242.38,3757.62,UPI
ORD0541,2026-10-20,CUST035,Water Bottle,Home & Kitchen,West,1,800,800,514.56,285.44,Net Banking
ORD0542,2026-04-02,CUST087,Notebook,Stationery,South,1,300,300,181.74,118.26,Net Banking
ORD0543,2026-08-27,CUST006,Study Table,Furniture,West,1,6000,6000,4599.05,1400.95,UPI
ORD0544,2026-08-22,CUST042,Smartphone,Electronics,South,5,30000,150000,82798.84,67201.16,Debit Card
ORD0545,2026-11-15,CUST038,T-Shirt,Fashion,West,3,1200,3600,2198.33,1401.67,UPI
ORD0546,2026-10-07,CUST076,Backpack,Accessories,North,2,1800,3600,2664.43,935.57,Debit Card
ORD0547,2026-01-13,CUST020,Laptop,Electronics,East,4,65000,260000,158144.85,101855.15,UPI
ORD0548,2026-06-21,CUST082,Water Bottle,Home & Kitchen,North,1,800,800,440.29,359.71,Cash on Delivery
ORD0549,2026-02-23,CUST095,Coffee Maker,Home & Kitchen,South,3,5000,15000,9019.48,5980.52,Debit Card
ORD0550,2026-03-14,CUST054,Backpack,Accessories,South,1,1800,1800,1310.24,489.76,Credit Card
ORD0551,2026-09-24,CUST006,Notebook,Stationery,West,2,300,600,391.96,208.04,UPI
ORD0552,2026-10-25,CUST059,Coffee Maker,Home & Kitchen,West,1,5000,5000,2869.47,2130.53,Debit Card
ORD0553,2026-02-08,CUST082,Water Bottle,Home & Kitchen,North,4,800,3200,2233.52,966.48,Credit Card
ORD0554,2026-05-02,CUST056,Jeans,Fashion,West,2,2500,5000,3114.6,1885.4,UPI
ORD0555,2026-06-12,CUST051,Coffee Maker,Home & Kitchen,West,3,5000,15000,9947.84,5052.16,Debit Card
ORD0556,2026-10-27,CUST010,Smart Watch,Electronics,North,2,7000,14000,8081.4,5918.6,Credit Card
ORD0557,2026-06-10,CUST022,Backpack,Accessories,West,4,1800,7200,4691.72,2508.28,Net Banking
ORD0558,2026-08-20,CUST046,Mixer Grinder,Home & Kitchen,East,2,4500,9000,5643.69,3356.31,UPI
ORD0559,2026-12-18,CUST016,Smartphone,Electronics,South,2,30000,60000,37563.22,22436.78,Net Banking
ORD0560,2026-03-17,CUST006,Smart Watch,Electronics,West,3,7000,21000,12028.87,8971.13,Debit Card
ORD0561,2026-01-26,CUST046,Study Table,Furniture,East,5,6000,30000,21578.88,8421.12,UPI
ORD0562,2026-08-20,CUST023,Laptop,Electronics,West,4,65000,260000,179136.99,80863.01,Net Banking
ORD0563,2026-02-22,CUST032,Smartphone,Electronics,West,4,30000,120000,90116.9,29883.1,Debit Card
ORD0564,2026-04-24,CUST016,Laptop,Electronics,South,1,65000,65000,37874.12,27125.88,Cash on Delivery
ORD0565,2026-10-26,CUST048,Jeans,Fashion,North,1,2500,2500,1741.32,758.68,Credit Card
ORD0566,2026-11-27,CUST003,Smartphone,Electronics,North,2,30000,60000,39651.47,20348.53,Debit Card
ORD0567,2026-03-04,CUST012,Notebook,Stationery,West,3,300,900,504.61,395.39,Cash on Delivery
ORD0568,2026-08-10,CUST007,Headphones,Electronics,East,5,3000,15000,11331.32,3668.68,Cash on Delivery
ORD0569,2026-12-16,CUST064,Laptop,Electronics,North,4,65000,260000,170733.16,89266.84,UPI
ORD0570,2026-05-21,CUST028,Notebook,Stationery,West,2,300,600,371.98,228.02,Debit Card
ORD0571,2026-11-12,CUST005,T-Shirt,Fashion,East,5,1200,6000,3668.68,2331.32,UPI
ORD0572,2026-09-03,CUST064,Study Table,Furniture,North,5,6000,30000,16957.34,13042.66,UPI
ORD0573,2026-04-13,CUST050,Headphones,Electronics,East,4,3000,12000,8527.96,3472.04,Net Banking
ORD0574,2026-01-10,CUST032,Jeans,Fashion,West,5,2500,12500,9966.89,2533.11,UPI
ORD0575,2026-06-26,CUST062,Running Shoes,Fashion,South,4,4000,16000,12450.71,3549.29,Net Banking
ORD0576,2026-04-03,CUST042,Study Table,Furniture,South,3,6000,18000,10017.28,7982.72,Net Banking
ORD0577,2026-01-30,CUST029,Laptop,Electronics,West,3,65000,195000,146671.88,48328.12,Cash on Delivery
ORD0578,2026-04-30,CUST068,Office Chair,Furniture,South,5,8500,42500,33723.54,8776.46,Credit Card
ORD0579,2026-05-17,CUST032,Jeans,Fashion,West,2,2500,5000,3417.11,1582.89,Credit Card
ORD0580,2026-07-18,CUST098,Smart Watch,Electronics,North,5,7000,35000,22354.54,12645.46,Debit Card
ORD0581,2026-06-12,CUST023,Smart Watch,Electronics,West,5,7000,35000,26304.34,8695.66,UPI
ORD0582,2026-10-18,CUST076,Laptop,Electronics,North,3,65000,195000,134725.82,60274.18,Net Banking
ORD0583,2026-10-05,CUST025,Water Bottle,Home & Kitchen,South,4,800,3200,2007.24,1192.76,Cash on Delivery
ORD0584,2026-04-30,CUST005,Smartphone,Electronics,East,1,30000,30000,21012.47,8987.53,Credit Card
ORD0585,2026-06-19,CUST068,Backpack,Accessories,South,1,1800,1800,1403.05,396.95,Debit Card
ORD0586,2026-06-15,CUST017,Office Chair,Furniture,North,2,8500,17000,9603.11,7396.89,Debit Card
ORD0587,2026-02-26,CUST076,Coffee Maker,Home & Kitchen,North,2,5000,10000,7616.2,2383.8,UPI
ORD0588,2026-10-28,CUST010,Office Chair,Furniture,North,4,8500,34000,19558.77,14441.23,UPI
ORD0589,2026-08-12,CUST042,Headphones,Electronics,South,2,3000,6000,4487.76,1512.24,Cash on Delivery
ORD0590,2026-12-29,CUST084,Office Chair,Furniture,North,2,8500,17000,13467.16,3532.84,Net Banking
ORD0591,2026-03-31,CUST046,Smart Watch,Electronics,East,5,7000,35000,22560.86,12439.14,UPI
ORD0592,2026-12-26,CUST017,Headphones,Electronics,North,1,3000,3000,2361.52,638.48,Cash on Delivery
ORD0593,2026-04-04,CUST099,T-Shirt,Fashion,West,1,1200,1200,840.72,359.28,Net Banking
ORD0594,2026-02-23,CUST029,Jeans,Fashion,West,5,2500,12500,9802.15,2697.85,Debit Card
ORD0595,2026-05-02,CUST043,Coffee Maker,Home & Kitchen,East,1,5000,5000,3183.51,1816.49,UPI
ORD0596,2026-12-29,CUST022,Jeans,Fashion,West,1,2500,2500,1793.77,706.23,UPI
ORD0597,2026-04-18,CUST058,Laptop,Electronics,North,3,65000,195000,119415.12,75584.88,Credit Card
ORD0598,2026-01-01,CUST045,Keyboard,Electronics,West,1,2500,2500,1405.09,1094.91,Cash on Delivery
ORD0599,2026-07-31,CUST094,Study Table,Furniture,South,2,6000,12000,8079.25,3920.75,Cash on Delivery
ORD0600,2026-02-21,CUST045,Running Shoes,Fashion,West,4,4000,16000,12115.23,3884.77,Net Banking
ORD0601,2026-03-25,CUST084,Mixer Grinder,Home & Kitchen,North,2,4500,9000,5965.4,3034.6,Credit Card
ORD0602,2026-05-14,CUST038,Laptop,Electronics,West,3,65000,195000,153643.53,41356.47,Credit Card
ORD0603,2026-03-24,CUST044,Headphones,Electronics,North,4,3000,12000,8795.96,3204.04,Net Banking
ORD0604,2026-11-11,CUST012,Office Chair,Furniture,West,5,8500,42500,32865.53,9634.47,Credit Card
ORD0605,2026-11-07,CUST056,Jeans,Fashion,West,2,2500,5000,3862.19,1137.81,Debit Card
ORD0606,2026-04-16,CUST007,Smartphone,Electronics,East,3,30000,90000,71423.96,18576.04,Cash on Delivery
ORD0607,2026-05-16,CUST090,Running Shoes,Fashion,South,5,4000,20000,14302.99,5697.01,UPI
ORD0608,2026-07-21,CUST031,Smartphone,Electronics,North,1,30000,30000,20788.27,9211.73,Cash on Delivery
ORD0609,2026-01-02,CUST020,Laptop,Electronics,East,3,65000,195000,128095.79,66904.21,UPI
ORD0610,2026-09-03,CUST085,Jeans,Fashion,West,5,2500,12500,7498.98,5001.02,Credit Card
ORD0611,2026-02-11,CUST027,Headphones,Electronics,South,3,3000,9000,6015.53,2984.47,Credit Card
ORD0612,2026-08-30,CUST040,Mixer Grinder,Home & Kitchen,South,4,4500,18000,12100.94,5899.06,UPI
ORD0613,2026-07-18,CUST012,Jeans,Fashion,West,5,2500,12500,7452.75,5047.25,Cash on Delivery
ORD0614,2026-01-23,CUST048,Headphones,Electronics,North,4,3000,12000,7389.89,4610.11,Cash on Delivery
ORD0615,2026-10-16,CUST034,Smart Watch,Electronics,West,3,7000,21000,11873.61,9126.39,Credit Card
ORD0616,2026-10-05,CUST011,Jeans,Fashion,East,3,2500,7500,4901.22,2598.78,Net Banking
ORD0617,2026-07-18,CUST030,Running Shoes,Fashion,South,1,4000,4000,3018.41,981.59,Cash on Delivery
ORD0618,2026-10-21,CUST069,Jeans,Fashion,South,4,2500,10000,7704.13,2295.87,Cash on Delivery
ORD0619,2026-01-18,CUST039,Smartphone,Electronics,South,4,30000,120000,81063.04,38936.96,Net Banking
ORD0620,2026-03-17,CUST074,Jeans,Fashion,West,5,2500,12500,7250.88,5249.12,Cash on Delivery
ORD0621,2026-04-09,CUST023,Headphones,Electronics,West,2,3000,6000,3489.28,2510.72,Cash on Delivery
ORD0622,2026-04-14,CUST011,Jeans,Fashion,East,4,2500,10000,7993.17,2006.83,Debit Card
ORD0623,2026-02-04,CUST077,Keyboard,Electronics,East,3,2500,7500,4288.18,3211.82,Net Banking
ORD0624,2026-05-22,CUST051,Running Shoes,Fashion,West,3,4000,12000,8159.06,3840.94,Credit Card
ORD0625,2026-09-25,CUST090,T-Shirt,Fashion,South,5,1200,6000,4472.53,1527.47,Credit Card
ORD0626,2026-10-18,CUST054,Headphones,Electronics,South,2,3000,6000,4181.9,1818.1,Credit Card
ORD0627,2026-05-27,CUST014,T-Shirt,Fashion,East,1,1200,1200,920.24,279.76,UPI
ORD0628,2026-12-02,CUST053,Keyboard,Electronics,East,4,2500,10000,6713.96,3286.04,Net Banking
ORD0629,2026-05-22,CUST061,Laptop,Electronics,West,2,65000,130000,84596.65,45403.35,Net Banking
ORD0630,2026-01-20,CUST078,Jeans,Fashion,West,4,2500,10000,6489.48,3510.52,UPI
ORD0631,2026-09-01,CUST089,Smart Watch,Electronics,South,1,7000,7000,5461.46,1538.54,UPI
ORD0632,2026-06-09,CUST003,Office Chair,Furniture,North,3,8500,25500,15812.21,9687.79,Cash on Delivery
ORD0633,2026-04-27,CUST090,Jeans,Fashion,South,1,2500,2500,1458.99,1041.01,Cash on Delivery
ORD0634,2026-05-18,CUST100,Water Bottle,Home & Kitchen,East,3,800,2400,1757.28,642.72,Net Banking
ORD0635,2026-08-15,CUST083,Smartphone,Electronics,West,2,30000,60000,36170.86,23829.14,Cash on Delivery
ORD0636,2026-07-11,CUST095,Backpack,Accessories,South,5,1800,9000,6797.29,2202.71,Net Banking
ORD0637,2026-12-30,CUST021,Smartphone,Electronics,South,3,30000,90000,60902.89,29097.11,Debit Card
ORD0638,2026-10-19,CUST100,Water Bottle,Home & Kitchen,East,5,800,4000,2228.95,1771.05,Debit Card
ORD0639,2026-05-08,CUST026,Water Bottle,Home & Kitchen,West,1,800,800,446.61,353.39,Credit Card
ORD0640,2026-05-21,CUST047,Coffee Maker,Home & Kitchen,South,2,5000,10000,6420.88,3579.12,Cash on Delivery
ORD0641,2026-12-15,CUST065,Study Table,Furniture,West,1,6000,6000,3345.84,2654.16,UPI
ORD0642,2026-04-01,CUST063,T-Shirt,Fashion,North,4,1200,4800,3792.62,1007.38,Cash on Delivery
ORD0643,2026-06-26,CUST076,Running Shoes,Fashion,North,3,4000,12000,7090.54,4909.46,UPI
ORD0644,2026-05-26,CUST096,Water Bottle,Home & Kitchen,South,1,800,800,445.49,354.51,Credit Card
ORD0645,2026-04-20,CUST021,Water Bottle,Home & Kitchen,South,5,800,4000,3057.11,942.89,Debit Card
ORD0646,2026-11-30,CUST087,Smart Watch,Electronics,South,3,7000,21000,13699.91,7300.09,Credit Card
ORD0647,2026-08-31,CUST100,Mixer Grinder,Home & Kitchen,East,1,4500,4500,3500.45,999.55,Debit Card
ORD0648,2026-04-25,CUST077,Mixer Grinder,Home & Kitchen,East,1,4500,4500,2758.94,1741.06,UPI
ORD0649,2026-08-05,CUST092,Coffee Maker,Home & Kitchen,East,3,5000,15000,11608.06,3391.94,UPI
ORD0650,2026-08-27,CUST059,Keyboard,Electronics,West,2,2500,5000,3127.68,1872.32,Net Banking
ORD0651,2026-02-22,CUST080,Study Table,Furniture,South,5,6000,30000,16555.11,13444.89,UPI
ORD0652,2026-11-08,CUST072,Jeans,Fashion,West,5,2500,12500,7758.37,4741.63,Credit Card
ORD0653,2026-05-22,CUST062,Smartphone,Electronics,South,3,30000,90000,63913.38,26086.62,UPI
ORD0654,2026-04-07,CUST034,Jeans,Fashion,West,3,2500,7500,4406.12,3093.88,Debit Card
ORD0655,2026-07-26,CUST008,Mixer Grinder,Home & Kitchen,South,5,4500,22500,16090.48,6409.52,Debit Card
ORD0656,2026-06-01,CUST093,Laptop,Electronics,South,4,65000,260000,159862.71,100137.29,Cash on Delivery
ORD0657,2026-10-26,CUST052,Study Table,Furniture,South,1,6000,6000,4362.1,1637.9,Net Banking
ORD0658,2026-12-18,CUST025,Office Chair,Furniture,South,2,8500,17000,11622.2,5377.8,Cash on Delivery
ORD0659,2026-06-03,CUST086,Office Chair,Furniture,North,5,8500,42500,32357.58,10142.42,Net Banking
ORD0660,2026-08-30,CUST024,Keyboard,Electronics,East,1,2500,2500,1454.97,1045.03,UPI
ORD0661,2026-04-04,CUST093,Mixer Grinder,Home & Kitchen,South,5,4500,22500,17701.44,4798.56,UPI
ORD0662,2026-07-01,CUST084,Smartphone,Electronics,North,2,30000,60000,36349.92,23650.08,UPI
ORD0663,2026-07-10,CUST054,Mixer Grinder,Home & Kitchen,South,3,4500,13500,8304.39,5195.61,UPI
ORD0664,2026-08-29,CUST060,Water Bottle,Home & Kitchen,North,1,800,800,450.74,349.26,Net Banking
ORD0665,2026-08-30,CUST075,T-Shirt,Fashion,North,1,1200,1200,926.83,273.17,Net Banking
ORD0666,2026-09-29,CUST016,Water Bottle,Home & Kitchen,South,4,800,3200,1998.68,1201.32,Credit Card
ORD0667,2026-06-25,CUST020,Headphones,Electronics,East,2,3000,6000,3913.79,2086.21,Net Banking
ORD0668,2026-04-03,CUST059,Headphones,Electronics,West,3,3000,9000,6702.62,2297.38,Cash on Delivery
ORD0669,2026-06-10,CUST043,Jeans,Fashion,East,2,2500,5000,3543.12,1456.88,Credit Card
ORD0670,2026-03-28,CUST058,Keyboard,Electronics,North,2,2500,5000,3470.35,1529.65,Debit Card
ORD0671,2026-03-08,CUST063,Mixer Grinder,Home & Kitchen,North,1,4500,4500,3166.29,1333.71,Cash on Delivery
ORD0672,2026-07-16,CUST052,Study Table,Furniture,South,4,6000,24000,13228.01,10771.99,Net Banking
ORD0673,2026-01-08,CUST026,Coffee Maker,Home & Kitchen,West,3,5000,15000,11595.02,3404.98,Net Banking
ORD0674,2026-11-17,CUST025,Laptop,Electronics,South,1,65000,65000,47671.05,17328.95,Debit Card
ORD0675,2026-06-09,CUST089,Notebook,Stationery,South,3,300,900,524.01,375.99,Cash on Delivery
ORD0676,2026-03-27,CUST065,T-Shirt,Fashion,West,3,1200,3600,2038.76,1561.24,Credit Card
ORD0677,2026-09-24,CUST039,Keyboard,Electronics,South,4,2500,10000,6990.92,3009.08,UPI
ORD0678,2026-06-25,CUST056,Notebook,Stationery,West,2,300,600,479.42,120.58,Cash on Delivery
ORD0679,2026-03-26,CUST046,Mixer Grinder,Home & Kitchen,East,2,4500,9000,7083.19,1916.81,Cash on Delivery
ORD0680,2026-03-09,CUST003,Smart Watch,Electronics,North,2,7000,14000,8439.17,5560.83,Credit Card
ORD0681,2026-03-05,CUST076,Running Shoes,Fashion,North,2,4000,8000,5133.18,2866.82,Credit Card
ORD0682,2026-10-01,CUST049,Notebook,Stationery,South,3,300,900,635.21,264.79,Net Banking
ORD0683,2026-12-01,CUST007,Jeans,Fashion,East,1,2500,2500,1897.58,602.42,Credit Card
ORD0684,2026-08-16,CUST089,Smartphone,Electronics,South,4,30000,120000,77407.61,42592.39,Net Banking
ORD0685,2026-04-16,CUST033,Backpack,Accessories,East,2,1800,3600,2605.67,994.33,Credit Card
ORD0686,2026-12-06,CUST039,Study Table,Furniture,South,1,6000,6000,4080.46,1919.54,Net Banking
ORD0687,2026-08-03,CUST078,Coffee Maker,Home & Kitchen,West,2,5000,10000,7576.63,2423.37,Credit Card
ORD0688,2026-03-02,CUST066,Coffee Maker,Home & Kitchen,South,5,5000,25000,15516.92,9483.08,Credit Card
ORD0689,2026-04-13,CUST064,Smart Watch,Electronics,North,5,7000,35000,26057.14,8942.86,Net Banking
ORD0690,2026-06-01,CUST026,Office Chair,Furniture,West,4,8500,34000,20063.18,13936.82,Net Banking
ORD0691,2026-12-19,CUST064,Notebook,Stationery,North,2,300,600,469.97,130.03,UPI
ORD0692,2026-12-10,CUST031,Laptop,Electronics,North,1,65000,65000,37196.3,27803.7,Credit Card
ORD0693,2026-03-18,CUST074,Jeans,Fashion,West,4,2500,10000,7873.62,2126.38,Net Banking
ORD0694,2026-05-12,CUST010,Coffee Maker,Home & Kitchen,North,1,5000,5000,3555.42,1444.58,Cash on Delivery
ORD0695,2026-01-26,CUST038,Keyboard,Electronics,West,4,2500,10000,5749.52,4250.48,Debit Card
ORD0696,2026-07-04,CUST006,Water Bottle,Home & Kitchen,West,3,800,2400,1800.96,599.04,UPI
ORD0697,2026-02-18,CUST055,Coffee Maker,Home & Kitchen,South,1,5000,5000,3814.06,1185.94,Credit Card
ORD0698,2026-12-06,CUST002,Water Bottle,Home & Kitchen,South,2,800,1600,1138.88,461.12,UPI
ORD0699,2026-11-15,CUST046,Notebook,Stationery,East,4,300,1200,740.49,459.51,Credit Card
ORD0700,2026-04-04,CUST048,Water Bottle,Home & Kitchen,North,3,800,2400,1388.3,1011.7,Cash on Delivery
ORD0701,2026-12-20,CUST059,Keyboard,Electronics,West,4,2500,10000,7626.68,2373.32,Cash on Delivery
ORD0702,2026-02-27,CUST084,Notebook,Stationery,North,2,300,600,349.88,250.12,Credit Card
ORD0703,2026-10-30,CUST021,Smartphone,Electronics,South,4,30000,120000,80480.25,39519.75,Net Banking
ORD0704,2026-11-09,CUST087,Backpack,Accessories,South,2,1800,3600,2321.78,1278.22,UPI
ORD0705,2026-09-05,CUST079,Laptop,Electronics,East,2,65000,130000,101412.93,28587.07,Credit Card
ORD0706,2026-02-02,CUST053,Backpack,Accessories,East,1,1800,1800,1107.73,692.27,UPI
ORD0707,2026-10-23,CUST002,Coffee Maker,Home & Kitchen,South,5,5000,25000,18273.58,6726.42,Debit Card
ORD0708,2026-09-23,CUST086,Water Bottle,Home & Kitchen,North,3,800,2400,1633.86,766.14,Net Banking
ORD0709,2026-09-04,CUST013,Study Table,Furniture,West,2,6000,12000,7637.25,4362.75,Cash on Delivery
ORD0710,2026-11-10,CUST020,Water Bottle,Home & Kitchen,East,5,800,4000,2254.57,1745.43,Debit Card
ORD0711,2026-09-11,CUST065,Water Bottle,Home & Kitchen,West,4,800,3200,2455.53,744.47,Credit Card
ORD0712,2026-05-04,CUST097,Backpack,Accessories,West,3,1800,5400,3416.71,1983.29,UPI
ORD0713,2026-10-09,CUST007,Running Shoes,Fashion,East,2,4000,8000,5686.63,2313.37,Cash on Delivery
ORD0714,2026-08-16,CUST031,Smartphone,Electronics,North,4,30000,120000,90037.84,29962.16,Cash on Delivery
ORD0715,2026-08-17,CUST012,Water Bottle,Home & Kitchen,West,4,800,3200,2012.85,1187.15,Cash on Delivery
ORD0716,2026-02-22,CUST096,Jeans,Fashion,South,1,2500,2500,1627.15,872.85,Credit Card
ORD0717,2026-02-16,CUST072,Running Shoes,Fashion,West,1,4000,4000,2991.78,1008.22,Net Banking
ORD0718,2026-10-15,CUST082,Keyboard,Electronics,North,5,2500,12500,7521.41,4978.59,Cash on Delivery
ORD0719,2026-04-25,CUST044,Office Chair,Furniture,North,1,8500,8500,6469.17,2030.83,UPI
ORD0720,2026-11-04,CUST072,Mixer Grinder,Home & Kitchen,West,5,4500,22500,15036.38,7463.62,UPI
ORD0721,2026-02-19,CUST092,Backpack,Accessories,East,1,1800,1800,1331.69,468.31,Debit Card
ORD0722,2026-11-21,CUST001,Office Chair,Furniture,West,3,8500,25500,20173.26,5326.74,UPI
ORD0723,2026-12-26,CUST071,Running Shoes,Fashion,South,3,4000,12000,6918.97,5081.03,Debit Card
ORD0724,2026-02-24,CUST064,Headphones,Electronics,North,4,3000,12000,7362.87,4637.13,Debit Card
ORD0725,2026-04-21,CUST025,Smartphone,Electronics,South,4,30000,120000,79711.38,40288.62,Debit Card
ORD0726,2026-08-01,CUST092,Office Chair,Furniture,East,1,8500,8500,4773.81,3726.19,Net Banking
ORD0727,2026-08-23,CUST016,Mixer Grinder,Home & Kitchen,South,4,4500,18000,12863.06,5136.94,Net Banking
ORD0728,2026-09-29,CUST018,Backpack,Accessories,East,1,1800,1800,1321.3,478.7,Net Banking
ORD0729,2026-09-05,CUST056,Water Bottle,Home & Kitchen,West,5,800,4000,3124.37,875.63,Debit Card
ORD0730,2026-03-07,CUST089,T-Shirt,Fashion,South,2,1200,2400,1382.13,1017.87,Net Banking
ORD0731,2026-09-16,CUST078,Notebook,Stationery,West,3,300,900,693.31,206.69,Cash on Delivery
ORD0732,2026-05-21,CUST078,Notebook,Stationery,West,2,300,600,389.68,210.32,UPI
ORD0733,2026-03-12,CUST038,Backpack,Accessories,West,2,1800,3600,2351.47,1248.53,Net Banking
ORD0734,2026-06-10,CUST039,Water Bottle,Home & Kitchen,South,5,800,4000,2911.87,1088.13,Net Banking
ORD0735,2026-04-18,CUST081,Smart Watch,Electronics,West,2,7000,14000,9884.59,4115.41,UPI
ORD0736,2026-12-30,CUST088,Office Chair,Furniture,South,2,8500,17000,12112.87,4887.13,Debit Card
ORD0737,2026-12-30,CUST065,Running Shoes,Fashion,West,3,4000,12000,6946.22,5053.78,UPI
ORD0738,2026-10-20,CUST072,Backpack,Accessories,West,5,1800,9000,7071.02,1928.98,Cash on Delivery
ORD0739,2026-05-27,CUST087,Coffee Maker,Home & Kitchen,South,5,5000,25000,19234.23,5765.77,Cash on Delivery
ORD0740,2026-01-13,CUST002,Running Shoes,Fashion,South,1,4000,4000,2580.87,1419.13,Credit Card
ORD0741,2026-05-17,CUST086,Laptop,Electronics,North,2,65000,130000,95881.01,34118.99,Debit Card
ORD0742,2026-03-16,CUST037,Jeans,Fashion,North,3,2500,7500,5698.84,1801.16,UPI
ORD0743,2026-01-17,CUST027,Mixer Grinder,Home & Kitchen,South,5,4500,22500,14392.59,8107.41,Cash on Delivery
ORD0744,2026-04-25,CUST014,T-Shirt,Fashion,East,5,1200,6000,4413.62,1586.38,Net Banking
ORD0745,2026-12-23,CUST050,Smart Watch,Electronics,East,5,7000,35000,21766.84,13233.16,Credit Card
ORD0746,2026-12-17,CUST049,Study Table,Furniture,South,4,6000,24000,15075.92,8924.08,Net Banking
ORD0747,2026-04-14,CUST007,Laptop,Electronics,East,3,65000,195000,137502.38,57497.62,Cash on Delivery
ORD0748,2026-10-29,CUST029,Notebook,Stationery,West,3,300,900,617.99,282.01,Net Banking
ORD0749,2026-05-31,CUST026,Mixer Grinder,Home & Kitchen,West,2,4500,9000,5959.83,3040.17,Credit Card
ORD0750,2026-03-03,CUST024,Headphones,Electronics,East,5,3000,15000,9664.49,5335.51,Cash on Delivery
ORD0751,2026-03-08,CUST036,Running Shoes,Fashion,North,3,4000,12000,7082.79,4917.21,UPI
ORD0752,2026-12-30,CUST001,Office Chair,Furniture,West,4,8500,34000,26668.7,7331.3,Credit Card
ORD0753,2026-11-02,CUST020,Notebook,Stationery,East,3,300,900,506.44,393.56,Net Banking
ORD0754,2026-10-21,CUST085,Keyboard,Electronics,West,4,2500,10000,6875.4,3124.6,Credit Card
ORD0755,2026-04-23,CUST091,Office Chair,Furniture,West,5,8500,42500,33542.99,8957.01,Net Banking
ORD0756,2026-03-23,CUST009,Mixer Grinder,Home & Kitchen,South,5,4500,22500,14714.61,7785.39,Net Banking
ORD0757,2026-04-24,CUST052,Smartphone,Electronics,South,3,30000,90000,69376.43,20623.57,UPI
ORD0758,2026-04-22,CUST043,Office Chair,Furniture,East,3,8500,25500,20083.22,5416.78,Net Banking
ORD0759,2026-11-29,CUST068,Backpack,Accessories,South,5,1800,9000,4969.81,4030.19,UPI
ORD0760,2026-11-15,CUST058,Smart Watch,Electronics,North,5,7000,35000,21383.49,13616.51,Credit Card
ORD0761,2026-07-15,CUST088,Notebook,Stationery,South,3,300,900,701.08,198.92,Credit Card
ORD0762,2026-05-25,CUST050,Keyboard,Electronics,East,5,2500,12500,6952.21,5547.79,Net Banking
ORD0763,2026-09-18,CUST099,Office Chair,Furniture,West,5,8500,42500,28109.04,14390.96,Credit Card
ORD0764,2026-06-14,CUST038,Notebook,Stationery,West,2,300,600,407.08,192.92,Credit Card
ORD0765,2026-10-01,CUST022,Mixer Grinder,Home & Kitchen,West,5,4500,22500,12416.23,10083.77,Credit Card
ORD0766,2026-12-17,CUST027,Jeans,Fashion,South,2,2500,5000,3280.26,1719.74,Credit Card
ORD0767,2026-11-28,CUST027,Running Shoes,Fashion,South,4,4000,16000,12067.02,3932.98,Credit Card
ORD0768,2026-01-13,CUST096,Jeans,Fashion,South,2,2500,5000,3324.03,1675.97,UPI
ORD0769,2026-01-28,CUST005,Smartphone,Electronics,East,1,30000,30000,17834.94,12165.06,UPI
ORD0770,2026-04-27,CUST072,Smartphone,Electronics,West,5,30000,150000,116662.0,33338.0,Cash on Delivery
ORD0771,2026-08-10,CUST050,Backpack,Accessories,East,4,1800,7200,4529.53,2670.47,Cash on Delivery
ORD0772,2026-01-04,CUST087,Smartphone,Electronics,South,5,30000,150000,106553.35,43446.65,Net Banking
ORD0773,2026-01-24,CUST009,Mixer Grinder,Home & Kitchen,South,5,4500,22500,16317.46,6182.54,Credit Card
ORD0774,2026-02-24,CUST046,Notebook,Stationery,East,5,300,1500,933.69,566.31,UPI
ORD0775,2026-08-13,CUST078,Smartphone,Electronics,West,3,30000,90000,58081.81,31918.19,Credit Card
ORD0776,2026-04-23,CUST061,Headphones,Electronics,West,5,3000,15000,8761.43,6238.57,Cash on Delivery
ORD0777,2026-06-02,CUST070,Keyboard,Electronics,West,2,2500,5000,3596.61,1403.39,UPI
ORD0778,2026-03-14,CUST002,Running Shoes,Fashion,South,5,4000,20000,11616.18,8383.82,Credit Card
ORD0779,2026-10-03,CUST074,T-Shirt,Fashion,West,4,1200,4800,3297.03,1502.97,Credit Card
ORD0780,2026-04-19,CUST040,Smart Watch,Electronics,South,3,7000,21000,13716.44,7283.56,Net Banking
ORD0781,2026-04-24,CUST019,Headphones,Electronics,South,2,3000,6000,4225.33,1774.67,UPI
ORD0782,2026-12-10,CUST025,Smartphone,Electronics,South,2,30000,60000,44994.9,15005.1,Credit Card
ORD0783,2026-08-25,CUST097,Notebook,Stationery,West,5,300,1500,1066.75,433.25,Credit Card
ORD0784,2026-05-09,CUST038,Jeans,Fashion,West,1,2500,2500,1436.38,1063.62,Net Banking
ORD0785,2026-03-07,CUST063,Office Chair,Furniture,North,3,8500,25500,18304.51,7195.49,Debit Card
ORD0786,2026-02-05,CUST013,Keyboard,Electronics,West,5,2500,12500,9687.87,2812.13,UPI
ORD0787,2026-11-12,CUST063,Backpack,Accessories,North,3,1800,5400,3860.22,1539.78,Net Banking
ORD0788,2026-07-06,CUST020,T-Shirt,Fashion,East,5,1200,6000,4511.55,1488.45,Cash on Delivery
ORD0789,2026-05-07,CUST022,Laptop,Electronics,West,3,65000,195000,145550.93,49449.07,Cash on Delivery
ORD0790,2026-03-10,CUST036,Water Bottle,Home & Kitchen,North,3,800,2400,1727.75,672.25,UPI
ORD0791,2026-07-03,CUST062,Backpack,Accessories,South,4,1800,7200,5354.58,1845.42,Cash on Delivery
ORD0792,2026-11-27,CUST071,Smartphone,Electronics,South,2,30000,60000,42099.41,17900.59,UPI
ORD0793,2026-04-11,CUST018,Notebook,Stationery,East,5,300,1500,923.71,576.29,Credit Card
ORD0794,2026-09-17,CUST094,Smartphone,Electronics,South,1,30000,30000,21237.2,8762.8,Net Banking
ORD0795,2026-04-19,CUST075,Study Table,Furniture,North,5,6000,30000,23297.28,6702.72,Net Banking
ORD0796,2026-08-30,CUST034,Running Shoes,Fashion,West,5,4000,20000,14269.54,5730.46,Debit Card
ORD0797,2026-10-29,CUST047,Study Table,Furniture,South,2,6000,12000,8799.68,3200.32,UPI
ORD0798,2026-09-19,CUST018,Backpack,Accessories,East,5,1800,9000,5153.75,3846.25,UPI
ORD0799,2026-11-11,CUST065,Laptop,Electronics,West,2,65000,130000,93735.25,36264.75,Net Banking
ORD0800,2026-04-02,CUST018,Backpack,Accessories,East,2,1800,3600,2489.72,1110.28,Net Banking
ORD0801,2026-09-05,CUST085,Water Bottle,Home & Kitchen,West,2,800,1600,1255.67,344.33,Credit Card
ORD0802,2026-04-29,CUST029,Mixer Grinder,Home & Kitchen,West,4,4500,18000,10182.88,7817.12,UPI
ORD0803,2026-09-23,CUST030,Laptop,Electronics,South,2,65000,130000,101001.1,28998.9,UPI
ORD0804,2026-01-24,CUST050,Backpack,Accessories,East,4,1800,7200,4031.83,3168.17,UPI
ORD0805,2026-11-21,CUST014,Coffee Maker,Home & Kitchen,East,5,5000,25000,18935.29,6064.71,UPI
ORD0806,2026-03-31,CUST075,Running Shoes,Fashion,North,5,4000,20000,12883.3,7116.7,Cash on Delivery
ORD0807,2026-09-22,CUST047,T-Shirt,Fashion,South,1,1200,1200,735.48,464.52,Debit Card
ORD0808,2026-06-26,CUST067,Study Table,Furniture,South,3,6000,18000,12090.88,5909.12,Cash on Delivery
ORD0809,2026-03-13,CUST078,Laptop,Electronics,West,5,65000,325000,214491.77,110508.23,Debit Card
ORD0810,2026-04-19,CUST010,Running Shoes,Fashion,North,3,4000,12000,7050.72,4949.28,Debit Card
ORD0811,2026-12-05,CUST047,T-Shirt,Fashion,South,1,1200,1200,729.1,470.9,UPI
ORD0812,2026-12-12,CUST093,Smartphone,Electronics,South,4,30000,120000,80364.44,39635.56,Debit Card
ORD0813,2026-01-12,CUST076,Headphones,Electronics,North,4,3000,12000,7331.01,4668.99,Debit Card
ORD0814,2026-03-10,CUST074,T-Shirt,Fashion,West,2,1200,2400,1697.72,702.28,Credit Card
ORD0815,2026-03-27,CUST074,Headphones,Electronics,West,1,3000,3000,1843.69,1156.31,Debit Card
ORD0816,2026-10-16,CUST067,Study Table,Furniture,South,5,6000,30000,21282.17,8717.83,UPI
ORD0817,2026-11-07,CUST011,Smart Watch,Electronics,East,4,7000,28000,22349.43,5650.57,Cash on Delivery
ORD0818,2026-11-04,CUST022,Smart Watch,Electronics,West,4,7000,28000,16398.98,11601.02,Net Banking
ORD0819,2026-12-04,CUST099,Headphones,Electronics,West,5,3000,15000,10165.52,4834.48,Debit Card
ORD0820,2026-08-21,CUST093,Jeans,Fashion,South,3,2500,7500,5243.5,2256.5,Credit Card
ORD0821,2026-03-09,CUST030,Study Table,Furniture,South,4,6000,24000,13851.42,10148.58,Debit Card
ORD0822,2026-12-17,CUST067,Water Bottle,Home & Kitchen,South,5,800,4000,2619.8,1380.2,Debit Card
ORD0823,2026-09-01,CUST078,Smartphone,Electronics,West,2,30000,60000,46524.12,13475.88,Net Banking
ORD0824,2026-09-15,CUST005,Notebook,Stationery,East,5,300,1500,1107.14,392.86,Credit Card
ORD0825,2026-11-05,CUST062,Jeans,Fashion,South,2,2500,5000,3424.11,1575.89,Credit Card
ORD0826,2026-09-25,CUST100,Jeans,Fashion,East,4,2500,10000,6551.71,3448.29,Credit Card
ORD0827,2026-04-28,CUST090,Running Shoes,Fashion,South,4,4000,16000,12553.69,3446.31,Cash on Delivery
ORD0828,2026-10-29,CUST099,Study Table,Furniture,West,3,6000,18000,13520.79,4479.21,Net Banking
ORD0829,2026-05-11,CUST013,Study Table,Furniture,West,2,6000,12000,8031.42,3968.58,Debit Card
ORD0830,2026-10-06,CUST011,Keyboard,Electronics,East,5,2500,12500,8152.02,4347.98,Debit Card
ORD0831,2026-10-23,CUST001,Coffee Maker,Home & Kitchen,West,1,5000,5000,3403.18,1596.82,Net Banking
ORD0832,2026-12-19,CUST001,Study Table,Furniture,West,2,6000,12000,9012.86,2987.14,Cash on Delivery
ORD0833,2026-08-07,CUST047,Smartphone,Electronics,South,2,30000,60000,42773.64,17226.36,UPI
ORD0834,2026-08-05,CUST034,Water Bottle,Home & Kitchen,West,5,800,4000,2764.67,1235.33,Net Banking
ORD0835,2026-04-15,CUST036,Jeans,Fashion,North,4,2500,10000,6533.07,3466.93,Net Banking
ORD0836,2026-10-14,CUST062,Headphones,Electronics,South,3,3000,9000,6198.55,2801.45,UPI
ORD0837,2026-12-28,CUST040,T-Shirt,Fashion,South,3,1200,3600,2338.32,1261.68,Debit Card
ORD0838,2026-08-17,CUST085,Smartphone,Electronics,West,2,30000,60000,44746.64,15253.36,Debit Card
ORD0839,2026-07-25,CUST013,Smart Watch,Electronics,West,5,7000,35000,26128.21,8871.79,Net Banking
ORD0840,2026-03-24,CUST079,Coffee Maker,Home & Kitchen,East,1,5000,5000,3236.38,1763.62,Credit Card
ORD0841,2026-08-30,CUST012,Water Bottle,Home & Kitchen,West,2,800,1600,1250.34,349.66,Cash on Delivery
ORD0842,2026-04-24,CUST012,Smartphone,Electronics,West,3,30000,90000,57843.79,32156.21,Net Banking
ORD0843,2026-07-25,CUST005,Coffee Maker,Home & Kitchen,East,4,5000,20000,14069.83,5930.17,Net Banking
ORD0844,2026-01-30,CUST037,Coffee Maker,Home & Kitchen,North,5,5000,25000,19660.72,5339.28,Debit Card
ORD0845,2026-01-06,CUST082,Backpack,Accessories,North,4,1800,7200,4323.07,2876.93,Net Banking
ORD0846,2026-11-03,CUST037,Smart Watch,Electronics,North,1,7000,7000,4743.46,2256.54,Debit Card
ORD0847,2026-07-04,CUST079,Headphones,Electronics,East,1,3000,3000,1829.44,1170.56,Credit Card
ORD0848,2026-07-24,CUST021,Smartphone,Electronics,South,3,30000,90000,57445.37,32554.63,Cash on Delivery
ORD0849,2026-09-23,CUST052,T-Shirt,Fashion,South,2,1200,2400,1329.22,1070.78,Credit Card
ORD0850,2026-10-14,CUST012,Running Shoes,Fashion,West,3,4000,12000,9345.03,2654.97,UPI
ORD0851,2026-04-26,CUST045,Water Bottle,Home & Kitchen,West,3,800,2400,1683.82,716.18,Debit Card
ORD0852,2026-10-22,CUST059,Notebook,Stationery,West,4,300,1200,661.4,538.6,Debit Card
ORD0853,2026-10-14,CUST053,Running Shoes,Fashion,East,1,4000,4000,2272.39,1727.61,UPI
ORD0854,2026-05-12,CUST044,Smartphone,Electronics,North,5,30000,150000,115354.24,34645.76,Net Banking
ORD0855,2026-07-13,CUST033,Coffee Maker,Home & Kitchen,East,4,5000,20000,13815.84,6184.16,Debit Card
ORD0856,2026-12-15,CUST097,Office Chair,Furniture,West,4,8500,34000,22616.12,11383.88,Net Banking
ORD0857,2026-05-13,CUST004,Backpack,Accessories,North,1,1800,1800,1020.4,779.6,Debit Card
ORD0858,2026-06-11,CUST087,Coffee Maker,Home & Kitchen,South,2,5000,10000,6531.06,3468.94,UPI
ORD0859,2026-12-25,CUST067,Running Shoes,Fashion,South,1,4000,4000,3032.18,967.82,Debit Card
ORD0860,2026-12-11,CUST037,Smartphone,Electronics,North,4,30000,120000,88463.64,31536.36,UPI
ORD0861,2026-09-01,CUST010,Running Shoes,Fashion,North,2,4000,8000,5027.75,2972.25,Debit Card
ORD0862,2026-12-16,CUST074,Keyboard,Electronics,West,2,2500,5000,3912.82,1087.18,Debit Card
ORD0863,2026-05-01,CUST064,Coffee Maker,Home & Kitchen,North,2,5000,10000,7338.57,2661.43,UPI
ORD0864,2026-05-08,CUST027,Smart Watch,Electronics,South,2,7000,14000,10627.17,3372.83,UPI
ORD0865,2026-03-03,CUST020,Mixer Grinder,Home & Kitchen,East,1,4500,4500,3510.21,989.79,Cash on Delivery
ORD0866,2026-01-22,CUST079,Laptop,Electronics,East,5,65000,325000,247650.86,77349.14,UPI
ORD0867,2026-10-22,CUST080,Office Chair,Furniture,South,4,8500,34000,26084.54,7915.46,Cash on Delivery
ORD0868,2026-05-24,CUST024,Mixer Grinder,Home & Kitchen,East,5,4500,22500,14613.07,7886.93,Net Banking
ORD0869,2026-08-05,CUST017,Laptop,Electronics,North,5,65000,325000,217613.51,107386.49,Net Banking
ORD0870,2026-07-21,CUST005,Running Shoes,Fashion,East,3,4000,12000,9181.2,2818.8,Debit Card
ORD0871,2026-08-24,CUST059,Smartphone,Electronics,West,5,30000,150000,94336.92,55663.08,Credit Card
ORD0872,2026-07-14,CUST002,Jeans,Fashion,South,2,2500,5000,3476.26,1523.74,UPI
ORD0873,2026-04-06,CUST047,T-Shirt,Fashion,South,3,1200,3600,2473.71,1126.29,Debit Card
ORD0874,2026-06-25,CUST035,Backpack,Accessories,West,5,1800,9000,5773.33,3226.67,Cash on Delivery
ORD0875,2026-12-25,CUST055,Smart Watch,Electronics,South,4,7000,28000,20665.37,7334.63,UPI
ORD0876,2026-04-03,CUST052,Keyboard,Electronics,South,4,2500,10000,6928.52,3071.48,Net Banking
ORD0877,2026-05-19,CUST088,Smart Watch,Electronics,South,1,7000,7000,5257.15,1742.85,Net Banking
ORD0878,2026-04-11,CUST056,Water Bottle,Home & Kitchen,West,4,800,3200,1876.67,1323.33,Debit Card
ORD0879,2026-04-01,CUST061,Mixer Grinder,Home & Kitchen,West,1,4500,4500,2949.21,1550.79,Debit Card
ORD0880,2026-06-11,CUST081,Running Shoes,Fashion,West,5,4000,20000,14926.66,5073.34,UPI
ORD0881,2026-01-25,CUST033,Running Shoes,Fashion,East,5,4000,20000,12992.01,7007.99,Debit Card
ORD0882,2026-09-01,CUST008,Smart Watch,Electronics,South,3,7000,21000,15954.6,5045.4,Credit Card
ORD0883,2026-05-14,CUST058,Coffee Maker,Home & Kitchen,North,3,5000,15000,9603.61,5396.39,Net Banking
ORD0884,2026-06-26,CUST072,Notebook,Stationery,West,3,300,900,499.46,400.54,Credit Card
ORD0885,2026-04-12,CUST045,Water Bottle,Home & Kitchen,West,5,800,4000,2776.85,1223.15,Net Banking
ORD0886,2026-07-01,CUST023,Mixer Grinder,Home & Kitchen,West,3,4500,13500,8522.18,4977.82,Net Banking
ORD0887,2026-02-10,CUST063,Mixer Grinder,Home & Kitchen,North,4,4500,18000,11614.82,6385.18,UPI
ORD0888,2026-03-27,CUST060,Jeans,Fashion,North,2,2500,5000,3550.73,1449.27,UPI
ORD0889,2026-10-20,CUST054,Jeans,Fashion,South,5,2500,12500,8139.91,4360.09,Credit Card
ORD0890,2026-04-27,CUST011,Headphones,Electronics,East,3,3000,9000,5655.33,3344.67,UPI
ORD0891,2026-11-27,CUST091,Keyboard,Electronics,West,5,2500,12500,8110.8,4389.2,Cash on Delivery
ORD0892,2026-10-28,CUST100,Water Bottle,Home & Kitchen,East,3,800,2400,1632.56,767.44,Cash on Delivery
ORD0893,2026-01-12,CUST053,Headphones,Electronics,East,2,3000,6000,3487.56,2512.44,Debit Card
ORD0894,2026-04-18,CUST085,Keyboard,Electronics,West,1,2500,2500,1479.32,1020.68,Credit Card
ORD0895,2026-10-08,CUST013,Smartphone,Electronics,West,4,30000,120000,67614.76,52385.24,Cash on Delivery
ORD0896,2026-02-23,CUST068,Mixer Grinder,Home & Kitchen,South,1,4500,4500,2770.26,1729.74,Debit Card
ORD0897,2026-06-08,CUST011,Jeans,Fashion,East,4,2500,10000,6073.39,3926.61,UPI
ORD0898,2026-03-09,CUST057,Jeans,Fashion,West,2,2500,5000,3408.43,1591.57,Debit Card
ORD0899,2026-06-16,CUST004,Laptop,Electronics,North,3,65000,195000,149381.76,45618.24,Cash on Delivery
ORD0900,2026-10-08,CUST070,Notebook,Stationery,West,3,300,900,595.09,304.91,Net Banking
ORD0901,2026-08-22,CUST023,T-Shirt,Fashion,West,5,1200,6000,4246.57,1753.43,Net Banking
ORD0902,2026-06-08,CUST056,Running Shoes,Fashion,West,5,4000,20000,15544.62,4455.38,Cash on Delivery
ORD0903,2026-08-15,CUST070,Smart Watch,Electronics,West,1,7000,7000,4388.77,2611.23,Cash on Delivery
ORD0904,2026-01-06,CUST034,Headphones,Electronics,West,3,3000,9000,4950.21,4049.79,Debit Card
ORD0905,2026-10-01,CUST045,Keyboard,Electronics,West,4,2500,10000,5520.79,4479.21,Cash on Delivery
ORD0906,2026-01-05,CUST097,Backpack,Accessories,West,3,1800,5400,4003.92,1396.08,UPI
ORD0907,2026-10-08,CUST077,Smart Watch,Electronics,East,1,7000,7000,4503.88,2496.12,Cash on Delivery
ORD0908,2026-05-08,CUST072,Study Table,Furniture,West,4,6000,24000,14179.62,9820.38,Cash on Delivery
ORD0909,2026-02-10,CUST049,Smart Watch,Electronics,South,3,7000,21000,13766.76,7233.24,Debit Card
ORD0910,2026-12-22,CUST067,Mixer Grinder,Home & Kitchen,South,5,4500,22500,16226.1,6273.9,UPI
ORD0911,2026-05-18,CUST084,Coffee Maker,Home & Kitchen,North,5,5000,25000,16330.65,8669.35,Credit Card
ORD0912,2026-02-26,CUST024,Headphones,Electronics,East,3,3000,9000,6383.01,2616.99,Net Banking
ORD0913,2026-09-09,CUST058,Keyboard,Electronics,North,5,2500,12500,7461.84,5038.16,Credit Card
ORD0914,2026-01-12,CUST020,Laptop,Electronics,East,5,65000,325000,193857.43,131142.57,Credit Card
ORD0915,2026-08-13,CUST037,Keyboard,Electronics,North,2,2500,5000,3658.88,1341.12,Debit Card
ORD0916,2026-09-10,CUST012,Headphones,Electronics,West,1,3000,3000,1812.89,1187.11,Cash on Delivery
ORD0917,2026-07-10,CUST040,Mixer Grinder,Home & Kitchen,South,4,4500,18000,11986.58,6013.42,Credit Card
ORD0918,2026-01-29,CUST043,Smartphone,Electronics,East,2,30000,60000,36997.55,23002.45,Cash on Delivery
ORD0919,2026-04-03,CUST010,Running Shoes,Fashion,North,4,4000,16000,9568.77,6431.23,UPI
ORD0920,2026-03-04,CUST049,Water Bottle,Home & Kitchen,South,1,800,800,634.92,165.08,Debit Card
ORD0921,2026-05-07,CUST050,Mixer Grinder,Home & Kitchen,East,4,4500,18000,13219.29,4780.71,Credit Card
ORD0922,2026-09-24,CUST026,Backpack,Accessories,West,1,1800,1800,1289.7,510.3,Debit Card
ORD0923,2026-06-15,CUST061,Study Table,Furniture,West,3,6000,18000,10613.75,7386.25,Credit Card
ORD0924,2026-09-24,CUST096,Notebook,Stationery,South,5,300,1500,870.8,629.2,Cash on Delivery
ORD0925,2026-07-04,CUST082,Keyboard,Electronics,North,2,2500,5000,3859.4,1140.6,Debit Card
ORD0926,2026-06-16,CUST015,Smart Watch,Electronics,North,4,7000,28000,15505.47,12494.53,UPI
ORD0927,2026-05-05,CUST075,Smartphone,Electronics,North,4,30000,120000,66267.9,53732.1,Credit Card
ORD0928,2026-12-19,CUST075,Mixer Grinder,Home & Kitchen,North,4,4500,18000,12582.96,5417.04,UPI
ORD0929,2026-03-22,CUST099,Smartphone,Electronics,West,2,30000,60000,40498.79,19501.21,Net Banking
ORD0930,2026-01-31,CUST044,Notebook,Stationery,North,1,300,300,191.66,108.34,Debit Card
ORD0931,2026-03-06,CUST090,Running Shoes,Fashion,South,1,4000,4000,2687.84,1312.16,UPI
ORD0932,2026-08-13,CUST072,Mixer Grinder,Home & Kitchen,West,3,4500,13500,9899.51,3600.49,Credit Card
ORD0933,2026-03-10,CUST089,Study Table,Furniture,South,3,6000,18000,11028.13,6971.87,Credit Card
ORD0934,2026-10-14,CUST063,Coffee Maker,Home & Kitchen,North,4,5000,20000,12473.57,7526.43,Cash on Delivery
ORD0935,2026-10-06,CUST025,T-Shirt,Fashion,South,2,1200,2400,1528.6,871.4,Cash on Delivery
ORD0936,2026-10-11,CUST036,Water Bottle,Home & Kitchen,North,5,800,4000,2360.34,1639.66,Net Banking
ORD0937,2026-05-15,CUST020,Backpack,Accessories,East,3,1800,5400,3701.17,1698.83,Cash on Delivery
ORD0938,2026-07-14,CUST001,Mixer Grinder,Home & Kitchen,West,5,4500,22500,16501.82,5998.18,Credit Card
ORD0939,2026-11-14,CUST080,Water Bottle,Home & Kitchen,South,3,800,2400,1463.27,936.73,Credit Card
ORD0940,2026-04-08,CUST085,Running Shoes,Fashion,West,4,4000,16000,10896.28,5103.72,Cash on Delivery
ORD0941,2026-11-10,CUST099,Running Shoes,Fashion,West,2,4000,8000,4966.26,3033.74,Cash on Delivery
ORD0942,2026-02-19,CUST083,Office Chair,Furniture,West,1,8500,8500,5786.8,2713.2,Credit Card
ORD0943,2026-04-02,CUST006,Water Bottle,Home & Kitchen,West,2,800,1600,1229.4,370.6,Debit Card
ORD0944,2026-02-20,CUST014,Backpack,Accessories,East,2,1800,3600,2008.64,1591.36,Cash on Delivery
ORD0945,2026-11-16,CUST085,Backpack,Accessories,West,5,1800,9000,6527.96,2472.04,UPI
ORD0946,2026-11-07,CUST007,Office Chair,Furniture,East,2,8500,17000,12400.84,4599.16,Credit Card
ORD0947,2026-02-10,CUST027,Jeans,Fashion,South,4,2500,10000,6670.15,3329.85,Credit Card
ORD0948,2026-07-08,CUST047,Running Shoes,Fashion,South,4,4000,16000,11977.0,4023.0,Credit Card
ORD0949,2026-01-21,CUST079,Keyboard,Electronics,East,5,2500,12500,9169.69,3330.31,UPI
ORD0950,2026-02-19,CUST010,Smart Watch,Electronics,North,5,7000,35000,20135.72,14864.28,Debit Card
ORD0951,2026-04-09,CUST069,Study Table,Furniture,South,2,6000,12000,8178.58,3821.42,Debit Card
ORD0952,2026-10-13,CUST073,Jeans,Fashion,West,2,2500,5000,3686.49,1313.51,Cash on Delivery
ORD0953,2026-07-03,CUST096,Smartphone,Electronics,South,5,30000,150000,107793.47,42206.53,Cash on Delivery
ORD0954,2026-10-09,CUST014,Headphones,Electronics,East,2,3000,6000,3902.34,2097.66,UPI
ORD0955,2026-11-04,CUST085,Headphones,Electronics,West,5,3000,15000,9911.3,5088.7,UPI
ORD0956,2026-07-10,CUST041,Running Shoes,Fashion,North,3,4000,12000,7837.03,4162.97,Cash on Delivery
ORD0957,2026-05-04,CUST093,Office Chair,Furniture,South,5,8500,42500,29358.41,13141.59,Debit Card
ORD0958,2026-05-11,CUST049,Mixer Grinder,Home & Kitchen,South,5,4500,22500,14400.05,8099.95,Cash on Delivery
ORD0959,2026-01-18,CUST058,Study Table,Furniture,North,1,6000,6000,4774.43,1225.57,Net Banking
ORD0960,2026-06-04,CUST003,Running Shoes,Fashion,North,2,4000,8000,4413.14,3586.86,Debit Card
ORD0961,2026-01-12,CUST028,Water Bottle,Home & Kitchen,West,3,800,2400,1782.91,617.09,UPI
ORD0962,2026-10-20,CUST071,Running Shoes,Fashion,South,5,4000,20000,15629.61,4370.39,Debit Card
ORD0963,2026-07-02,CUST013,Laptop,Electronics,West,4,65000,260000,153146.96,106853.04,UPI
ORD0964,2026-05-08,CUST047,Notebook,Stationery,South,5,300,1500,912.37,587.63,UPI
ORD0965,2026-10-19,CUST012,T-Shirt,Fashion,West,4,1200,4800,3741.46,1058.54,Credit Card
ORD0966,2026-03-30,CUST093,Office Chair,Furniture,South,4,8500,34000,22850.35,11149.65,Net Banking
ORD0967,2026-01-20,CUST013,T-Shirt,Fashion,West,3,1200,3600,2637.71,962.29,Net Banking
ORD0968,2026-06-21,CUST049,Smartphone,Electronics,South,1,30000,30000,19109.48,10890.52,Cash on Delivery
ORD0969,2026-04-27,CUST054,Notebook,Stationery,South,1,300,300,221.08,78.92,Net Banking
ORD0970,2026-01-28,CUST002,Jeans,Fashion,South,4,2500,10000,6261.96,3738.04,Credit Card
ORD0971,2026-03-18,CUST041,Running Shoes,Fashion,North,5,4000,20000,12634.16,7365.84,Debit Card
ORD0972,2026-08-17,CUST020,Laptop,Electronics,East,4,65000,260000,191934.61,68065.39,Net Banking
ORD0973,2026-08-10,CUST065,Smartphone,Electronics,West,2,30000,60000,37346.75,22653.25,Cash on Delivery
ORD0974,2026-02-12,CUST019,Headphones,Electronics,South,3,3000,9000,6020.67,2979.33,Credit Card
ORD0975,2026-02-13,CUST071,Study Table,Furniture,South,3,6000,18000,11693.37,6306.63,Cash on Delivery
ORD0976,2026-03-11,CUST100,Coffee Maker,Home & Kitchen,East,2,5000,10000,6702.31,3297.69,Debit Card
ORD0977,2026-04-11,CUST063,Study Table,Furniture,North,5,6000,30000,20708.76,9291.24,Net Banking
ORD0978,2026-05-17,CUST032,Smart Watch,Electronics,West,1,7000,7000,5209.35,1790.65,UPI
ORD0979,2026-02-15,CUST088,Notebook,Stationery,South,5,300,1500,867.2,632.8,Cash on Delivery
ORD0980,2026-04-08,CUST055,Office Chair,Furniture,South,3,8500,25500,16069.71,9430.29,Net Banking
ORD0981,2026-03-28,CUST084,Laptop,Electronics,North,3,65000,195000,155398.03,39601.97,Net Banking
ORD0982,2026-08-14,CUST057,T-Shirt,Fashion,West,2,1200,2400,1346.93,1053.07,Debit Card
ORD0983,2026-03-21,CUST026,Jeans,Fashion,West,3,2500,7500,5545.75,1954.25,Credit Card
ORD0984,2026-05-05,CUST015,Coffee Maker,Home & Kitchen,North,1,5000,5000,3936.18,1063.82,Debit Card
ORD0985,2026-12-22,CUST037,Laptop,Electronics,North,3,65000,195000,146458.69,48541.31,UPI
ORD0986,2026-06-19,CUST058,Backpack,Accessories,North,1,1800,1800,1084.05,715.95,Net Banking
ORD0987,2026-09-25,CUST028,Smart Watch,Electronics,West,5,7000,35000,25815.61,9184.39,Net Banking
ORD0988,2026-12-22,CUST062,T-Shirt,Fashion,South,2,1200,2400,1739.25,660.75,Credit Card
ORD0989,2026-01-23,CUST049,T-Shirt,Fashion,South,5,1200,6000,3683.18,2316.82,Credit Card
ORD0990,2026-05-19,CUST037,Smart Watch,Electronics,North,5,7000,35000,19714.5,15285.5,Credit Card
ORD0991,2026-12-06,CUST009,Study Table,Furniture,South,3,6000,18000,13734.37,4265.63,UPI
ORD0992,2026-11-29,CUST014,Laptop,Electronics,East,3,65000,195000,126093.01,68906.99,Cash on Delivery
ORD0993,2026-06-11,CUST066,Coffee Maker,Home & Kitchen,South,1,5000,5000,3355.83,1644.17,Net Banking
ORD0994,2026-04-12,CUST069,Smartphone,Electronics,South,2,30000,60000,40509.76,19490.24,Cash on Delivery
ORD0995,2026-01-21,CUST072,Notebook,Stationery,West,1,300,300,183.55,116.45,Net Banking
ORD0996,2026-07-21,CUST040,Office Chair,Furniture,South,4,8500,34000,25027.32,8972.68,Credit Card
ORD0997,2026-07-01,CUST045,Jeans,Fashion,West,3,2500,7500,5297.31,2202.69,Debit Card
ORD0998,2026-11-17,CUST065,Keyboard,Electronics,West,1,2500,2500,1536.05,963.95,Cash on Delivery
ORD0999,2026-04-26,CUST004,Running Shoes,Fashion,North,3,4000,12000,7055.12,4944.88,Cash on Delivery
ORD1000,2026-07-15,CUST085,Headphones,Electronics,West,1,3000,3000,2040.54,959.46,Net Banking
